Date,SessionTime,DriverAhead,DistanceToDriverAhead,Time,RPM,Speed,nGear,Throttle,Brake,DRS,Source,Distance,RelativeDistance,Status,X,Y,Z
2024-03-01 16:38:38.850,0 days 00:52:03.177000,,,0 days 00:00:00,11713.732129828571,291.1964278857143,7,99.0,False,12,interpolation,0.164005101427084,3.0414417816272842e-05,OnTrack,-380.01116220775555,1288.7112670058857,-158.99999948677092
2024-03-01 16:38:38.875,0 days 00:52:03.202000,,,0 days 00:00:00.025000,11718.82145462857,291.46428708571426,7,99.0,False,12,pos,2.193526504694526,0.0004067851001239048,OnTrack,-379.0,1309.0,-159.0
2024-03-01 16:38:38.925,0 days 00:52:03.252000,,,0 days 00:00:00.075000,11729.0,292.0,7,99.0,False,12,car,6.25416666666667,0.0011598226911080265,OnTrack,-376.9729870341199,1349.7243351712627,-159.00000124330703
2024-03-01 16:38:39.075,0 days 00:52:03.402000,,,0 days 00:00:00.225000,10810.249216,292.9375008,7,99.0,False,12,pos,18.45956782314303,0.003423289907421005,OnTrack,-371.0,1472.0,-159.0
2024-03-01 16:38:39.085,0 days 00:52:03.412000,,,0 days 00:00:00.235000,10749.0,293.0,7,99.0,False,12,car,19.27638888888889,0.0035747677392601136,OnTrack,-370.6214649699528,1480.054484896925,-158.99999901246954
2024-03-01 16:38:39.235,0 days 00:52:03.562000,,,0 days 00:00:00.385000,10565.874843733332,294.8750016,7,99.0,False,12,pos,31.587866974551346,0.00585790670978598,OnTrack,-365.0,1603.0,-159.0
2024-03-01 16:38:39.325,0 days 00:52:03.652000,,,0 days 00:00:00.475000,10456.0,296.0,8,99.0,False,12,car,39.00972222222222,0.007234274911203892,OnTrack,-361.1200907806031,1686.4779963355627,-159.00007759308374
2024-03-01 16:38:39.525,0 days 00:52:03.852000,,,0 days 00:00:00.675000,10544.0,298.0,8,99.0,False,12,car,55.56527777777778,0.0103044695543324,OnTrack,-351.68152038950217,1888.0401395319263,-159.00022584349028
2024-03-01 16:38:39.595,0 days 00:52:03.922000,,,0 days 00:00:00.745000,10591.5417536,298.5833344,8,99.0,False,12,pos,61.38394139716321,0.011383529076947398,OnTrack,-349.0,1949.0,-159.0
2024-03-01 16:38:39.765,0 days 00:52:04.092000,,,0 days 00:00:00.915000,10707.0,300.0,8,99.0,False,12,car,75.56527777777778,0.01401342952589704,OnTrack,-344.2787991262495,2068.867782155202,-158.99871574077184
2024-03-01 16:38:39.935,0 days 00:52:04.262000,,,0 days 00:00:01.085000,10732.5000192,301.4166677333333,8,99.0,False,12,pos,89.80908835532168,0.01665491568963001,OnTrack,-340.0,2183.0,-159.0
2024-03-01 16:38:40.005,0 days 00:52:04.332000,,,0 days 00:00:01.155000,10743.0,302.0,8,99.0,False,12,car,95.69861111111112,0.01774711589727211,OnTrack,-337.7578327362973,2238.263646036336,-159.00232490065486
2024-03-01 16:38:40.195,0 days 00:52:04.522000,,,0 days 00:00:01.345000,10776.157899439566,303.5789475923603,8,99.0,False,12,pos,111.7674041016853,0.020727041396942016,OnTrack,-331.0,2401.0,-159.0
2024-03-01 16:38:40.366,0 days 00:52:04.693000,,,0 days 00:00:01.516000,10806.0,305.0,8,99.0,False,12,car,126.28333333333333,0.023418991420454397,OnTrack,-325.3412770553781,2544.5292650178008,-158.9945064074693
2024-03-01 16:38:40.375,0 days 00:52:04.702000,,,0 days 00:00:01.525000,10809.2624768,305.03749973333333,8,99.0,False,12,pos,127.04756020218612,0.02356071576374286,OnTrack,-325.0,2553.0,-159.0
2024-03-01 16:38:40.496,0 days 00:52:04.823000,,,0 days 00:00:01.646000,10853.1249536,305.5416661333333,8,99.0,False,12,pos,137.32461409218723,0.025466574838924193,OnTrack,-320.0,2672.0,-159.0
2024-03-01 16:38:40.606,0 days 00:52:04.933000,,,0 days 00:00:01.756000,10893.0,306.0,8,99.0,False,12,car,146.68333333333334,0.02720213059145033,OnTrack,-315.84270148773146,2754.611629643016,-158.265422970368
2024-03-01 16:38:40.655,0 days 00:52:04.982000,,,0 days 00:00:01.805000,10900.3499904,306.2227269818182,8,99.0,False,12,pos,150.86004419919098,0.027976693262163583,OnTrack,-314.0,2790.0,-158.0
2024-03-01 16:38:40.975,0 days 00:52:05.302000,,,0 days 00:00:02.125000,10948.3499904,307.67727243636364,8,99.0,False,12,pos,178.239824056968,0.03305421863830092,OnTrack,-301.0,3064.0,-159.0
2024-03-01 16:38:41.046,0 days 00:52:05.373000,,,0 days 00:00:02.196000,10959.0,308.0,8,99.0,False,12,car,184.32777777777778,0.034183217471262,OnTrack,-298.21407416673867,3125.709892525915,-159.10837709477582
2024-03-01 16:38:41.206,0 days 00:52:05.533000,,,0 days 00:00:02.356000,10980.0,309.0,8,99.0,False,12,car,198.06111111111107,0.036730036651736374,OnTrack,-292.11400155723095,3262.3642452687864,-159.01291341073494
2024-03-01 16:38:41.235,0 days 00:52:05.562000,,,0 days 00:00:02.385000,10986.5249856,309.12083306666665,8,99.0,False,12,pos,200.5537531112416,0.037192292121832615,OnTrack,-291.0,3287.0,-159.0
2024-03-01 16:38:41.396,0 days 00:52:05.723000,,,0 days 00:00:02.546000,11022.7499712,309.7916661333333,8,99.0,False,12,pos,214.41478133556365,0.03976279206426953,OnTrack,-285.0,3424.0,-159.0
2024-03-01 16:38:41.446,0 days 00:52:05.773000,,,0 days 00:00:02.596000,11034.0,310.0,8,99.0,False,12,car,218.72777777777776,0.04056262862235317,OnTrack,-283.46097784717665,3467.338483456326,-159.0144236778985
2024-03-01 16:38:41.495,0 days 00:52:05.822000,,,0 days 00:00:02.645000,11031.5500032,310.3062496,8,99.0,False,12,pos,222.95842390189074,0.04134719347876268,OnTrack,-282.0,3510.0,-159.0
2024-03-01 16:38:41.606,0 days 00:52:05.933000,,,0 days 00:00:02.756000,11026.0,311.0,8,99.0,False,12,car,232.54999999999995,0.043125932069367844,OnTrack,-278.36049584170996,3606.3366543226466,-158.74190457284521
2024-03-01 16:38:41.806,0 days 00:52:06.133000,,,0 days 00:00:02.956000,11062.0,311.0,8,99.0,False,12,car,249.82777777777775,0.04633006137813619,OnTrack,-271.3017039966104,3779.2232858161387,-158.01549822470906
2024-03-01 16:38:41.815,0 days 00:52:06.142000,,,0 days 00:00:02.965000,11063.124992,311.02499982222224,8,99.0,False,12,pos,250.605874300318,0.046474357820941954,OnTrack,-271.0,3787.0,-158.0
2024-03-01 16:38:42.035,0 days 00:52:06.362000,,,0 days 00:00:03.185000,11090.624992,311.6361109333333,8,99.0,False,12,pos,269.65173823936516,0.05000637516963158,OnTrack,-264.0,3977.0,-158.0
2024-03-01 16:38:42.166,0 days 00:52:06.493000,,,0 days 00:00:03.316000,11107.0,312.0,8,99.0,False,12,car,281.02777777777777,0.05211603893377703,OnTrack,-259.86473410117907,4089.9250344765496,-158.00615085241256
2024-03-01 16:38:42.256,0 days 00:52:06.583000,,,0 days 00:00:03.406000,11119.656232,312.5624992,8,99.0,False,12,pos,288.86188992016935,0.05356885935122097,OnTrack,-257.0,4168.0,-158.0
2024-03-01 16:38:42.416,0 days 00:52:06.743000,,,0 days 00:00:03.566000,11142.156232,313.5624992,8,99.0,False,12,pos,302.82264908961434,0.05615785419782726,OnTrack,-252.0,4307.0,-158.0
2024-03-01 16:38:42.486,0 days 00:52:06.813000,,,0 days 00:00:03.636000,11152.0,314.0,8,99.0,False,12,car,308.9388888888889,0.05729209862742725,OnTrack,-250.0934043532954,4365.066672980954,-157.99467063939758
2024-03-01 16:38:42.676,0 days 00:52:07.003000,,,0 days 00:00:03.826000,11156.1562472,314.5937496,8,99.0,False,12,pos,325.5621196289002,0.060374843498066474,OnTrack,-244.0,4552.0,-158.0
2024-03-01 16:38:42.806,0 days 00:52:07.133000,,,0 days 00:00:03.956000,11159.0,315.0,8,99.0,False,12,car,336.9388888888889,0.06248464258761774,OnTrack,-236.56839070096822,4753.605968845281,-158.03915954566264
2024-03-01 16:38:42.835,0 days 00:52:07.162000,,,0 days 00:00:03.985000,11166.53998336,315.0,8,99.0,False,12,pos,339.4758046400126,0.06295510853622521,OnTrack,-235.0,4796.0,-158.0
2024-03-01 16:38:43.006,0 days 00:52:07.333000,,,0 days 00:00:04.156000,11211.0,315.0,8,99.0,False,12,car,354.4388888888889,0.06572998256273681,OnTrack,-228.14564907533347,4986.0154242755225,-157.22558568044252
2024-03-01 16:38:43.246,0 days 00:52:07.573000,,,0 days 00:00:04.396000,11190.0,316.0,8,99.0,False,12,car,375.5055555555556,0.06963675373278488,OnTrack,-222.6999835136433,5148.968625404008,-155.23497608812053
2024-03-01 16:38:43.276,0 days 00:52:07.603000,,,0 days 00:00:04.426000,11193.749984,316.0,8,99.0,False,12,pos,378.139302411638,0.07012517681600708,OnTrack,-222.0,5170.0,-155.0
2024-03-01 16:38:43.406,0 days 00:52:07.733000,,,0 days 00:00:04.556000,11210.0,316.0,8,99.0,False,12,car,389.55000000000007,0.07224126784615029,OnTrack,-218.85805895619308,5264.337212696956,-154.03171594503766
2024-03-01 16:38:43.566,0 days 00:52:07.893000,,,0 days 00:00:04.716000,11210.0,316.0,8,99.0,False,12,car,403.59444444444455,0.07484578195951569,OnTrack,-214.71311893980229,5389.106912316883,-152.92631976237647
2024-03-01 16:38:43.695,0 days 00:52:08.022000,,,0 days 00:00:04.845000,11245.4749824,316.0,8,99.0,False,12,pos,414.9106800249765,0.07694435519936511,OnTrack,-211.0,5503.0,-152.0
2024-03-01 16:38:43.766,0 days 00:52:08.093000,,,0 days 00:00:04.916000,11265.0,316.0,8,99.0,False,12,car,421.1500000000001,0.07810142460122242,OnTrack,-208.80428802680802,5571.206299456095,-151.46928183240428
2024-03-01 16:38:44.116,0 days 00:52:08.443000,,,0 days 00:00:05.266000,11293.272985282489,317.9498610539647,8,99.0,False,12,pos,452.06640751925073,0.08383481049889648,OnTrack,-198.0,5908.0,-149.0
2024-03-01 16:38:44.125,0 days 00:52:08.452000,,,0 days 00:00:05.275000,11294.0,318.0,8,99.0,False,12,car,452.86166666666674,0.08398228971613579,OnTrack,-197.78602188060844,5914.421047042192,-148.95416111521348
2024-03-01 16:38:44.405,0 days 00:52:08.732000,,,0 days 00:00:05.555000,11269.0,318.0,8,99.0,False,12,car,477.595,0.08856903688097072,OnTrack,-192.57711742169334,6066.918236190882,-147.69997174879006
2024-03-01 16:38:44.476,0 days 00:52:08.803000,,,0 days 00:00:05.626000,11262.1958272,318.2958336,8,99.0,False,12,pos,483.8803432466708,0.08973464120644302,OnTrack,-191.0,6120.0,-147.0
2024-03-01 16:38:44.555,0 days 00:52:08.882000,,,0 days 00:00:05.705000,11254.624987733334,318.6250005333333,8,99.0,False,12,pos,490.88244578821593,0.09103316710861212,OnTrack,-189.0,6191.0,-146.0
2024-03-01 16:38:44.645,0 days 00:52:08.972000,,,0 days 00:00:05.795000,11246.0,319.0,8,99.0,False,12,car,498.86166666666674,0.09251289765073446,OnTrack,-186.813407554116,6270.414298106206,-145.09838216966915
2024-03-01 16:38:44.805,0 days 00:52:09.132000,,,0 days 00:00:05.955000,11297.0,319.0,8,99.0,True,12,car,513.0394444444445,0.09514213816391028,OnTrack,-183.24877981974055,6404.230256195627,-144.18673202013173
2024-03-01 16:38:44.936,0 days 00:52:09.263000,,,0 days 00:00:06.086000,11315.8312592,318.1812496,8,99.0,True,12,pos,524.6120494066334,0.09728825459248473,OnTrack,-180.0,6532.0,-143.0
2024-03-01 16:38:44.965,0 days 00:52:09.292000,,,0 days 00:00:06.115000,11320.0,318.0,8,99.0,False,12,car,527.1727777777778,0.09776313654381595,OnTrack,-179.2163666371921,6563.460065792204,-142.64191268193449
2024-03-01 16:38:45.156,0 days 00:52:09.483000,,,0 days 00:00:06.306000,11308.8583296,318.0,8,99.0,False,12,pos,544.0453128602285,0.10089211440579741,OnTrack,-174.0,6779.0,-140.0
2024-03-01 16:38:45.325,0 days 00:52:09.652000,,,0 days 00:00:06.475000,11299.0,318.0,8,99.0,False,12,car,558.9727777777778,0.10366038289860371,OnTrack,-170.94281858799175,6918.478384652358,-139.05104300824223
2024-03-01 16:38:45.525,0 days 00:52:09.852000,,,0 days 00:00:06.675000,11249.0,317.0,8,99.0,False,12,car,576.5838888888889,0.10692632820689814,OnTrack,-166.9852338287001,7055.533534330806,-138.30858614229317
2024-03-01 16:38:45.555,0 days 00:52:09.882000,,,0 days 00:00:06.705000,11176.02468864,315.94999552,8,91.79996928,False,12,pos,579.2027100090206,0.10741198334226099,OnTrack,-166.0,7080.0,-138.0
2024-03-01 16:38:45.635,0 days 00:52:09.962000,,,0 days 00:00:06.785000,10981.42468864,313.14999552,8,72.59996928,False,12,pos,586.149444198386,0.10870024129433377,OnTrack,-163.0,7150.0,-137.0
2024-03-01 16:38:45.925,0 days 00:52:10.252000,,,0 days 00:00:07.075000,10276.0,303.0,8,3.0,True,8,car,610.2505555555556,0.11316974415903196,OnTrack,-154.30171066816985,7416.37885826647,-135.05891828071816
2024-03-01 16:38:45.936,0 days 00:52:10.263000,,,0 days 00:00:07.086000,10245.8873248,300.5249856,8,2.7937488,True,8,pos,611.1034074616348,0.11332790383809797,OnTrack,-154.0,7425.0,-135.0
2024-03-01 16:38:46.085,0 days 00:52:10.412000,,,0 days 00:00:07.235000,9838.0,267.0,8,0.0,True,8,car,622.1172222222223,0.11537039374216032,OnTrack,-149.8806256547356,7528.391056286493,-134.16516180404759
2024-03-01 16:38:46.115,0 days 00:52:10.442000,,,0 days 00:00:07.265000,9817.843664,263.5312352,8,0.0,True,8,pos,624.1848403515261,0.1157538293860638,OnTrack,-149.0,7549.0,-134.0
2024-03-01 16:38:46.315,0 days 00:52:10.642000,,,0 days 00:00:07.465000,9683.468664,240.4062352,8,0.0,True,8,pos,636.8236390495971,0.11809766930905422,OnTrack,-143.0,7687.0,-133.0
2024-03-01 16:38:46.405,0 days 00:52:10.732000,,,0 days 00:00:07.555000,9623.0,230.0,8,0.0,True,8,car,642.5616666666667,0.11916177504642639,OnTrack,-141.04586019211655,7732.385161157516,-132.6450563672239
2024-03-01 16:38:46.575,0 days 00:52:10.902000,,,0 days 00:00:07.725000,9398.684657114298,230.0,8,0.0,True,8,pos,653.8643435126154,0.1212578338460841,OnTrack,-137.0,7809.0,-132.0
2024-03-01 16:38:46.646,0 days 00:52:10.973000,,,0 days 00:00:07.796000,9305.0,230.0,8,0.0,True,8,car,657.958888888889,0.12201715909120178,OnTrack,-133.99557931182574,7853.4961122782515,-131.6504281267412
2024-03-01 16:38:46.776,0 days 00:52:11.103000,,,0 days 00:00:07.926000,9107.833527466666,186.1250432,8,0.0,True,8,pos,663.7676199728177,0.12309437664499552,OnTrack,-128.0,7935.0,-131.0
2024-03-01 16:38:46.886,0 days 00:52:11.213000,,,0 days 00:00:08.036000,8941.0,149.0,6,0.0,True,8,car,667.8922222222222,0.12385927587707889,OnTrack,-124.92876930879567,7972.306915843893,-130.62486137377115
2024-03-01 16:38:47.056,0 days 00:52:11.383000,,,0 days 00:00:08.206000,9234.8569216,138.0714368,6,0.0,True,8,pos,674.2517862012546,0.1250386442888207,OnTrack,-121.0,8006.0,-130.0
2024-03-01 16:38:47.166,0 days 00:52:11.493000,,,0 days 00:00:08.316000,9425.0,131.0,5,0.0,True,8,car,678.0811111111112,0.12574878492925934,OnTrack,-116.3509640650258,8043.637784873847,-129.26007768048484
2024-03-01 16:38:47.215,0 days 00:52:11.542000,,,0 days 00:00:08.365000,9300.718344145454,127.54773178181819,5,0.0,True,8,pos,679.6641150151446,0.12604234983500387,OnTrack,-114.0,8061.0,-129.0
2024-03-01 16:38:47.576,0 days 00:52:11.903000,,,0 days 00:00:08.726000,8385.091233745454,102.11364538181819,5,0.0,True,8,pos,689.53018884293,0.12787199348019174,OnTrack,-87.0,8171.0,-129.0
2024-03-01 16:38:47.606,0 days 00:52:11.933000,,,0 days 00:00:08.756000,8309.0,100.0,3,0.0,True,8,car,690.3033333333334,0.1280153715785488,OnTrack,-82.5127697891756,8181.146541932921,-128.918800227004
2024-03-01 16:38:47.806,0 days 00:52:12.133000,,,0 days 00:00:08.956000,7562.0,91.0,2,0.0,True,8,car,695.3588888888889,0.12895291423802765,OnTrack,-48.159261357412234,8246.934642906519,-128.0252964583109
2024-03-01 16:38:47.815,0 days 00:52:12.142000,,,0 days 00:00:08.965000,7534.23519744,90.64000256,2,0.0,True,8,pos,695.5765369292745,0.1289932766315116,OnTrack,-47.0,8249.0,-128.0
2024-03-01 16:38:48.006,0 days 00:52:12.333000,,,0 days 00:00:09.156000,6945.0,83.0,2,0.0,True,8,car,699.97,0.12980803556480505,OnTrack,-33.21013843872505,8270.278587351138,-127.94661202949116
2024-03-01 16:38:48.116,0 days 00:52:12.443000,,,0 days 00:00:09.266000,6767.4724288,80.5555584,2,0.0,True,8,pos,702.3568665783682,0.1302506751946367,OnTrack,-22.0,8280.0,-128.0
2024-03-01 16:38:48.366,0 days 00:52:12.693000,,,0 days 00:00:09.516000,6364.0,75.0,2,0.0,False,8,car,707.47,0.1311988955541418,OnTrack,29.31280348390202,8320.99106486415,-127.93498773672604
2024-03-01 16:38:48.396,0 days 00:52:12.723000,,,0 days 00:00:09.546000,6297.70028288,74.2500032,2,0.0,False,8,pos,708.0609777433879,0.13130849119385735,OnTrack,35.0,8325.0,-128.0
2024-03-01 16:38:48.566,0 days 00:52:12.893000,,,0 days 00:00:09.716000,5922.0,70.0,2,0.0,False,8,car,711.3588888888889,0.13192008221527937,OnTrack,59.7466802814075,8338.85931268755,-128.83772165894365
2024-03-01 16:38:48.726,0 days 00:52:13.053000,,,0 days 00:00:09.876000,5890.0,70.0,2,1.0,False,8,car,714.47,0.13249703154418943,OnTrack,77.76408805823918,8342.523869440824,-129.83065305536778
2024-03-01 16:38:48.796,0 days 00:52:13.123000,,,0 days 00:00:09.946000,5965.6873616,68.906252,2,4.9374928,False,8,pos,715.7759398987887,0.13273921548468326,OnTrack,88.0,8344.0,-130.0
2024-03-01 16:38:48.996,0 days 00:52:13.323000,,,0 days 00:00:10.146000,6181.9373616,65.781252,2,16.187492799999998,False,8,pos,719.3453397663816,0.13340115354625373,OnTrack,124.0,8347.0,-130.0
2024-03-01 16:38:49.046,0 days 00:52:13.373000,,,0 days 00:00:10.196000,6236.0,65.0,2,19.0,False,8,car,720.2477777777779,0.1335685088693081,OnTrack,133.30752717901186,8346.597280426042,-130.2308702232878
2024-03-01 16:38:49.175,0 days 00:52:13.502000,,,0 days 00:00:10.325000,6239.2249984,66.07499946666667,2,25.987496533333335,False,8,pos,722.6179226731375,0.13400804749649295,OnTrack,157.0,8343.0,-131.0
2024-03-01 16:38:49.286,0 days 00:52:13.613000,,,0 days 00:00:10.436000,6242.0,67.0,2,32.0,False,8,car,724.7144444444446,0.13439684326295753,OnTrack,176.74750457740015,8337.142532827096,-130.94186006780103
2024-03-01 16:38:49.435,0 days 00:52:13.762000,,,0 days 00:00:10.585000,6361.94494848,69.97999872,2,38.70499712,False,8,pos,727.6266703967582,0.1349369097372217,OnTrack,203.0,8326.0,-131.0
2024-03-01 16:38:49.486,0 days 00:52:13.813000,,,0 days 00:00:10.636000,6403.0,71.0,2,41.0,False,8,car,728.658888888889,0.1351283325906828,OnTrack,212.15377410529643,8321.560235770508,-131.48690481989166
2024-03-01 16:38:49.536,0 days 00:52:13.863000,,,0 days 00:00:10.686000,6500.221973333333,71.97221973333333,2,41.8333312,False,8,pos,729.6910497908367,0.1353197447641597,OnTrack,221.0,8317.0,-132.0
2024-03-01 16:38:49.796,0 days 00:52:14.123000,,,0 days 00:00:10.946000,7005.777528888889,77.02777528888889,2,46.16666453333333,False,8,pos,735.339964159664,0.13636732462799855,OnTrack,266.0,8288.0,-133.0
2024-03-01 16:38:49.846,0 days 00:52:14.173000,,,0 days 00:00:10.996000,7103.0,78.0,2,47.0,False,8,car,736.4588888888891,0.13657482697959303,OnTrack,276.79856224951885,8279.523689206235,-133.34772387620833
2024-03-01 16:38:50.006,0 days 00:52:14.333000,,,0 days 00:00:11.156000,7657.0,82.0,2,55.0,False,8,car,740.1033333333336,0.1372506819077448,OnTrack,316.6830612572728,8245.734436495171,-135.06753961003201
2024-03-01 16:38:50.116,0 days 00:52:14.443000,,,0 days 00:00:11.266000,7992.4996096,84.7499968,2,55.6874992,False,8,pos,742.6999647432436,0.137732222005758,OnTrack,340.0,8225.0,-136.0
2024-03-01 16:38:50.166,0 days 00:52:14.493000,,,0 days 00:00:11.316000,8145.0,86.0,2,56.0,False,8,car,743.9255555555558,0.13795950536897716,OnTrack,348.46308803696684,8217.227735194529,-136.2645997293811
2024-03-01 16:38:50.446,0 days 00:52:14.773000,,,0 days 00:00:11.596000,8617.0,96.0,2,62.0,False,8,car,751.3922222222225,0.1393441837583613,OnTrack,382.896792841685,8182.308850767975,-136.8212061413123
2024-03-01 16:38:50.476,0 days 00:52:14.803000,,,0 days 00:00:11.626000,8804.537069221695,97.20602616862827,2,63.50753271078533,False,8,pos,752.2394156464348,0.13950129408329012,OnTrack,388.0,8177.0,-137.0
2024-03-01 16:38:50.596,0 days 00:52:14.923000,,,0 days 00:00:11.746000,9554.688546754778,102.03015142607575,2,69.53768928259468,False,8,pos,755.7033991725277,0.140143682895312,OnTrack,412.0,8152.0,-138.0
2024-03-01 16:38:50.645,0 days 00:52:14.972000,,,0 days 00:00:11.795000,9861.0,104.0,2,72.0,False,8,car,757.1411111111114,0.1404103036968544,OnTrack,422.0572253030052,8141.35132613299,-138.41307993214735
2024-03-01 16:38:50.805,0 days 00:52:15.132000,,,0 days 00:00:11.955000,10307.0,109.0,2,76.0,False,8,car,761.9855555555558,0.14130869622330003,OnTrack,454.7261962966918,8106.14642447136,-139.60741813389058
2024-03-01 16:38:50.876,0 days 00:52:15.203000,,,0 days 00:00:12.026000,10371.5656832,113.2156288,2,76.0,False,8,pos,764.3285631411591,0.14174320229070375,OnTrack,470.0,8090.0,-140.0
2024-03-01 16:38:51.125,0 days 00:52:15.452000,,,0 days 00:00:12.275000,10598.0,128.0,2,76.0,False,8,car,773.3633333333336,0.1434186823404568,OnTrack,528.9923476435778,8031.187427398521,-140.84933220164748
2024-03-01 16:38:51.156,0 days 00:52:15.483000,,,0 days 00:00:12.306000,10611.078152,129.0656272,2,76.1937504,False,8,pos,774.523611739352,0.14363385364864648,OnTrack,537.0,8024.0,-141.0
2024-03-01 16:38:51.316,0 days 00:52:15.643000,,,0 days 00:00:12.466000,10678.578152,134.5656272,2,77.1937504,False,8,pos,780.6033799084116,0.14476133448741824,OnTrack,581.0,7988.0,-142.0
2024-03-01 16:38:51.445,0 days 00:52:15.772000,,,0 days 00:00:12.595000,10733.0,139.0,3,78.0,False,8,car,785.7188888888892,0.14570999538955676,OnTrack,620.5393664576065,7960.267556552696,-142.65365082370633
2024-03-01 16:38:51.516,0 days 00:52:15.843000,,,0 days 00:00:12.666000,10979.1335552,142.5500032,3,79.479168,False,8,pos,788.6388589248478,0.14625149798863368,OnTrack,644.0,7946.0,-143.0
2024-03-01 16:38:51.685,0 days 00:52:16.012000,,,0 days 00:00:12.835000,11565.0,151.0,3,83.0,False,8,car,795.7855555555559,0.14757683857524428,OnTrack,704.7166954578945,7915.8600283771475,-143.8901697271669
2024-03-01 16:38:51.776,0 days 00:52:16.103000,,,0 days 00:00:12.926000,11651.4500608,152.7062512,3,84.1375008,False,8,pos,799.6502929160538,0.14829354638377915,OnTrack,739.0,7902.0,-144.0
2024-03-01 16:38:51.845,0 days 00:52:16.172000,,,0 days 00:00:12.995000,11717.0,154.0,3,85.0,False,8,car,802.6300000000002,0.1488461270988464,OnTrack,765.3474858390332,7892.639863290825,-143.78420746741696
2024-03-01 16:38:51.995,0 days 00:52:16.322000,,,0 days 00:00:13.145000,11148.4057648,159.1562544,3,85.9375008,False,8,pos,809.3623971995456,0.1500946366851358,OnTrack,831.0,7876.0,-143.0
2024-03-01 16:38:52.165,0 days 00:52:16.492000,,,0 days 00:00:13.315000,10504.0,165.0,3,87.0,False,8,car,817.2966666666669,0.1515660310779938,OnTrack,932.5553931371782,7864.216907871562,-143.0058080246086
2024-03-01 16:38:52.196,0 days 00:52:16.523000,,,0 days 00:00:13.346000,10581.50016,165.99643062857143,3,86.88928548571428,False,8,pos,818.7632779082248,0.15183801119743304,OnTrack,949.0,7863.0,-143.0
2024-03-01 16:38:52.445,0 days 00:52:16.772000,,,0 days 00:00:13.595000,11204.0,174.0,4,86.0,False,8,car,830.8300000000003,0.15407576065875253,OnTrack,1040.1696077417216,7864.589790465474,-142.0928684906378
2024-03-01 16:38:52.535,0 days 00:52:16.862000,,,0 days 00:00:13.685000,10961.49965511111,177.00000426666668,4,89.25000462222222,False,8,pos,835.3765160699671,0.15491890296443164,OnTrack,1085.0,7871.0,-141.0
2024-03-01 16:38:52.805,0 days 00:52:17.132000,,,0 days 00:00:13.955000,10234.0,186.0,4,99.0,False,8,car,849.4300000000003,0.15752509343230767,OnTrack,1283.8155086444567,7904.882022253195,-135.48322895503813
2024-03-01 16:38:52.835,0 days 00:52:17.162000,,,0 days 00:00:13.985000,10271.3126592,186.5625024,4,99.0,False,8,pos,850.994919592257,0.15781530463862753,OnTrack,1301.0,7908.0,-135.0
2024-03-01 16:38:52.965,0 days 00:52:17.292000,,,0 days 00:00:14.115000,10433.0,189.0,5,99.0,False,8,car,857.8300000000003,0.1590828566203648,OnTrack,1351.9799876399352,7917.776281067504,-133.58272575486436
2024-03-01 16:38:53.155,0 days 00:52:17.482000,,,0 days 00:00:14.305000,10717.80257298525,195.71517855859815,5,99.0,False,8,pos,868.3382537771927,0.16103159125189728,OnTrack,1407.0,7932.0,-132.0
2024-03-01 16:38:53.336,0 days 00:52:17.663000,,,0 days 00:00:14.486000,10989.114219064595,202.11226314021928,5,99.0,False,8,pos,878.8558913717309,0.16298206609357554,OnTrack,1504.0,7960.0,-129.0
2024-03-01 16:38:53.446,0 days 00:52:17.773000,,,0 days 00:00:14.596000,11154.0,206.0,5,99.0,False,8,car,885.3538888888892,0.16418710672789888,OnTrack,1565.5036639042692,7979.570626083765,-126.94992224528912
2024-03-01 16:38:53.596,0 days 00:52:17.923000,,,0 days 00:00:14.746000,11410.12478144,210.49999616,5,99.0,False,8,pos,894.3325194592835,0.16585217579715184,OnTrack,1647.0,8007.0,-124.0
2024-03-01 16:38:53.775,0 days 00:52:18.102000,,,0 days 00:00:14.925000,11715.76739072,215.86999808,5,99.0,False,8,pos,905.2153750960342,0.16787037959380313,OnTrack,1751.0,8038.0,-120.0
2024-03-01 16:38:53.846,0 days 00:52:18.173000,,,0 days 00:00:14.996000,11837.0,218.0,5,99.0,False,8,car,909.5761111111115,0.1686790693601272,OnTrack,1811.065154070839,8048.9418680679555,-117.92747147022791
2024-03-01 16:38:54.035,0 days 00:52:18.362000,,,0 days 00:00:15.185000,10996.5409096,222.1343736,5,99.0,False,8,pos,921.3059916520399,0.17085435223000414,OnTrack,1992.0,8071.0,-112.0
2024-03-01 16:38:54.166,0 days 00:52:18.493000,,,0 days 00:00:15.316000,10414.0,225.0,5,99.0,False,8,car,929.5761111111115,0.17238802933169184,OnTrack,2071.2502105995572,8076.213140639404,-109.29575341672924
2024-03-01 16:38:54.456,0 days 00:52:18.783000,,,0 days 00:00:15.606000,10688.5936288,232.2499968,5,99.0,False,8,pos,948.3271228791608,0.17586536693539345,OnTrack,2172.0,8069.0,-106.0
2024-03-01 16:38:54.486,0 days 00:52:18.813000,,,0 days 00:00:15.636000,10717.0,233.0,6,99.0,False,8,car,950.2872222222225,0.17622886343557875,OnTrack,2186.1280024819207,8068.224486126068,-105.63761803640367
2024-03-01 16:38:54.676,0 days 00:52:19.003000,,,0 days 00:00:15.826000,10877.708225066666,236.16666453333335,6,99.0,False,8,pos,962.7694716078797,0.17854367160190326,OnTrack,2316.0,8060.0,-102.0
2024-03-01 16:38:54.726,0 days 00:52:19.053000,,,0 days 00:00:15.876000,10920.0,237.0,6,99.0,False,8,car,966.0872222222225,0.1791589418131148,OnTrack,2372.6692190740155,8054.657467117511,-100.01960848391779
2024-03-01 16:38:54.835,0 days 00:52:19.162000,,,0 days 00:00:15.985000,11033.671361828572,239.33571291428572,6,99.0,False,8,pos,973.3781769205622,0.1805110347696465,OnTrack,2510.0,8040.0,-95.0
2024-03-01 16:38:55.006,0 days 00:52:19.333000,,,0 days 00:00:16.156000,11212.0,243.0,6,99.0,False,14,car,984.9872222222225,0.1826639089862434,OnTrack,2659.816657227433,8019.5870295906425,-89.79081015879163
2024-03-01 16:38:55.276,0 days 00:52:19.603000,,,0 days 00:00:16.426000,11505.142718171428,249.7499968,6,99.0,False,14,pos,1003.732101849606,0.18614010939673156,OnTrack,2794.0,7992.0,-86.0
2024-03-01 16:38:55.286,0 days 00:52:19.613000,,,0 days 00:00:16.436000,11516.0,250.0,6,99.0,False,12,car,1004.4316666666671,0.18626984229193128,OnTrack,2798.912437625926,7990.989210136868,-85.87584966395956
2024-03-01 16:38:55.486,0 days 00:52:19.813000,,,0 days 00:00:16.636000,11563.0,253.0,6,99.0,False,12,car,1018.4872222222226,0.1888764169386142,OnTrack,2898.3419667806415,7970.852753115464,-83.56013341601884
2024-03-01 16:38:55.726,0 days 00:52:20.053000,,,0 days 00:00:16.876000,11743.0,257.0,6,99.0,False,12,car,1035.6205555555562,0.1920537593142546,OnTrack,3036.597882785068,7942.364912187549,-79.71704867964867
2024-03-01 16:38:55.756,0 days 00:52:20.083000,,,0 days 00:00:16.906000,11659.0003584,257.7499968,6,99.0,False,12,pos,1037.7872034652487,0.19245555983273077,OnTrack,3057.0,7938.0,-79.0
2024-03-01 16:38:55.796,0 days 00:52:20.123000,,,0 days 00:00:16.946000,11547.0003584,258.7499968,6,99.0,False,12,pos,1040.685107571206,0.1929929703492522,OnTrack,3085.0,7932.0,-78.0
2024-03-01 16:38:55.926,0 days 00:52:20.253000,,,0 days 00:00:17.076000,11183.0,262.0,6,99.0,False,12,car,1050.1761111111116,0.19475305796022663,OnTrack,3171.0207861213453,7915.102796371314,-76.0304859717659
2024-03-01 16:38:55.995,0 days 00:52:20.322000,,,0 days 00:00:17.145000,11112.850065066667,263.14999893333334,6,99.0,False,12,pos,1055.259960275319,0.19569584761280245,OnTrack,3228.0,7904.0,-75.0
2024-03-01 16:38:56.255,0 days 00:52:20.582000,,,0 days 00:00:17.405000,10848.516731733333,267.48333226666665,6,99.0,False,12,pos,1074.651806181057,0.19929202662475912,OnTrack,3517.0,7845.0,-69.0
2024-03-01 16:38:56.286,0 days 00:52:20.613000,,,0 days 00:00:17.436000,10817.0,268.0,7,99.0,False,12,car,1076.9761111111115,0.19972306432212325,OnTrack,3541.223015156895,7840.029297741405,-68.47990638037456
2024-03-01 16:38:56.526,0 days 00:52:20.853000,,,0 days 00:00:17.676000,10872.0,271.0,7,99.0,False,12,car,1095.0427777777782,0.2030734914964366,OnTrack,3633.6033392047134,7821.287962517264,-66.51839860863201
2024-03-01 16:38:56.596,0 days 00:52:20.923000,,,0 days 00:00:17.746000,10930.916558933333,271.8749984,7,99.0,False,12,pos,1100.3449097083985,0.2040567612511679,OnTrack,3665.0,7815.0,-66.0
2024-03-01 16:38:56.766,0 days 00:52:21.093000,,,0 days 00:00:17.916000,11074.0,274.0,7,99.0,False,12,car,1113.309444444445,0.2064610082704657,OnTrack,3779.730283970274,7792.006805002201,-64.29109480358092
2024-03-01 16:38:56.856,0 days 00:52:21.183000,,,0 days 00:00:18.006000,11109.678520685715,275.60714057142854,7,99.0,False,12,pos,1120.2436065191296,0.20774693474903302,OnTrack,3859.0,7776.0,-63.0
2024-03-01 16:38:57.046,0 days 00:52:21.373000,,,0 days 00:00:18.196000,11185.0,279.0,7,99.0,False,12,car,1135.009444444445,0.21048522983961335,OnTrack,4061.271458540291,7734.779387661914,-59.24637736692006
2024-03-01 16:38:57.176,0 days 00:52:21.503000,,,0 days 00:00:18.326000,11240.913961919287,280.39784904798216,7,99.0,False,12,pos,1145.1642150774103,0.21236841172951776,OnTrack,4178.0,7711.0,-57.0
2024-03-01 16:38:57.325,0 days 00:52:21.652000,,,0 days 00:00:18.475000,11305.0,282.0,7,99.0,False,12,car,1156.864444444445,0.2145381958485406,OnTrack,4253.470839486401,7695.826901203221,-55.58972138541852
2024-03-01 16:38:57.476,0 days 00:52:21.803000,,,0 days 00:00:18.626000,11361.968205963636,283.3727278545455,7,99.0,False,12,pos,1168.804298798158,0.21675241794175226,OnTrack,4333.0,7680.0,-54.0
2024-03-01 16:38:57.756,0 days 00:52:22.083000,,,0 days 00:00:18.906000,11467.6045696,285.9181824,7,99.0,False,12,pos,1191.1019884297757,0.2208874798568544,OnTrack,4613.0,7624.0,-48.0
2024-03-01 16:38:57.765,0 days 00:52:22.092000,,,0 days 00:00:18.915000,11471.0,286.0,7,99.0,False,12,car,1191.8200000000004,0.22102063366550853,OnTrack,4620.48302597506,7622.51851054991,-47.838854497214115
2024-03-01 16:38:57.965,0 days 00:52:22.292000,,,0 days 00:00:19.115000,11600.0,288.0,7,99.0,False,12,car,1207.8200000000004,0.22398780164276025,OnTrack,4738.496504817642,7599.576564603618,-45.31095182521494
2024-03-01 16:38:58.076,0 days 00:52:22.403000,,,0 days 00:00:19.226000,11648.562528,289.85000106666666,7,99.0,False,12,pos,1216.7914012587664,0.22565153005064065,OnTrack,4803.0,7587.0,-44.0
2024-03-01 16:38:58.205,0 days 00:52:22.532000,,,0 days 00:00:19.355000,11705.0,292.0,7,99.0,False,12,car,1227.2866666666673,0.2275978560150832,OnTrack,4899.261829451914,7567.90870974056,-42.11510201828289
2024-03-01 16:38:58.356,0 days 00:52:22.683000,,,0 days 00:00:19.506000,11755.333354666667,293.25833386666665,7,99.0,False,12,pos,1239.6252689983949,0.22988602512275477,OnTrack,5025.0,7543.0,-40.0
2024-03-01 16:38:58.536,0 days 00:52:22.863000,,,0 days 00:00:19.686000,11815.333354666667,294.75833386666665,7,99.0,False,12,pos,1254.400629786405,0.23262608620916253,OnTrack,5169.0,7515.0,-38.0
2024-03-01 16:38:58.565,0 days 00:52:22.892000,,,0 days 00:00:19.715000,11825.0,295.0,7,99.0,False,12,car,1256.7866666666673,0.23306857197314104,OnTrack,5192.426625941455,7510.440132952729,-37.461122422670314
2024-03-01 16:38:58.675,0 days 00:52:23.002000,,,0 days 00:00:19.825000,11852.25003170909,295.7500008727273,7,99.0,False,12,pos,1265.851107299338,0.23474955434670106,OnTrack,5282.0,7493.0,-35.0
2024-03-01 16:38:58.915,0 days 00:52:23.242000,,,0 days 00:00:20.065000,11911.704577163637,297.3863645090909,7,99.0,False,12,pos,1285.7158134584902,0.23843342434626053,OnTrack,5476.0,7456.0,-31.0
2024-03-01 16:38:59.005,0 days 00:52:23.332000,,,0 days 00:00:20.155000,11934.0,298.0,7,99.0,False,12,car,1293.2088888888895,0.23982300018802377,OnTrack,5549.28452942479,7442.524578972642,-29.669125991364407
2024-03-01 16:38:59.115,0 days 00:52:23.442000,,,0 days 00:00:20.265000,11967.229205333333,298.9166677333333,7,99.0,False,12,pos,1302.4018164656136,0.24152781020820194,OnTrack,5639.0,7426.0,-28.0
2024-03-01 16:38:59.296,0 days 00:52:23.623000,,,0 days 00:00:20.446000,12021.906269333333,300.42500053333333,7,99.0,False,12,pos,1317.6056354592042,0.24434732801130898,OnTrack,5786.0,7398.0,-25.0
2024-03-01 16:38:59.485,0 days 00:52:23.812000,,,0 days 00:00:20.635000,12079.0,302.0,7,99.0,False,12,car,1333.4755555555562,0.2472903729307739,OnTrack,5941.45053662783,7369.610696754081,-22.050496712624383
2024-03-01 16:38:59.645,0 days 00:52:23.972000,,,0 days 00:00:20.795000,12137.0,302.0,7,99.0,False,12,car,1346.8977777777784,0.2497794971783573,OnTrack,6073.817853221433,7345.687461997858,-19.71498830048398
2024-03-01 16:38:59.695,0 days 00:52:24.022000,,,0 days 00:00:20.845000,12132.341608536715,302.6211188617713,7,99.0,False,12,pos,1351.1165177657679,0.25056185406565185,OnTrack,6115.0,7338.0,-19.0
2024-03-01 16:38:59.806,0 days 00:52:24.133000,,,0 days 00:00:20.956000,12122.0,304.0,7,99.0,False,12,car,1360.4933333333338,0.2523007657456942,OnTrack,6206.222302417202,7320.6458091693985,-17.43073607893812
2024-03-01 16:38:59.836,0 days 00:52:24.163000,,,0 days 00:00:20.986000,12116.0000256,303.75000106666664,7,99.0,False,12,pos,1363.0142058995457,0.2527682565177689,OnTrack,6231.0,7316.0,-17.0
2024-03-01 16:39:00.035,0 days 00:52:24.362000,,,0 days 00:00:21.185000,12076.2000128,302.0916672,7,99.0,False,12,pos,1379.6940604558097,0.2558615021618041,OnTrack,6397.0,7286.0,-14.0
2024-03-01 16:39:00.046,0 days 00:52:24.373000,,,0 days 00:00:21.196000,12074.0,302.0,7,99.0,False,12,car,1380.6266666666672,0.25603445211706927,OnTrack,6406.172969902098,7284.34306319078,-13.825845355323672
2024-03-01 16:39:00.275,0 days 00:52:24.602000,,,0 days 00:00:21.425000,11279.860936228572,302.0,7,23.757163885714284,False,12,pos,1400.0848895967627,0.2596429406153446,OnTrack,6595.0,7250.0,-10.0
2024-03-01 16:39:00.326,0 days 00:52:24.653000,,,0 days 00:00:21.476000,11103.0,302.0,7,7.0,True,8,car,1404.1155555555558,0.26039041955034015,OnTrack,6635.8532390452865,7242.682625743298,-9.10085042469677
2024-03-01 16:39:00.455,0 days 00:52:24.782000,,,0 days 00:00:21.605000,10929.49508608,272.33001472,7,6.35500032,True,8,pos,1413.5424995447263,0.262138627445841,OnTrack,6735.0,7225.0,-7.0
2024-03-01 16:39:00.526,0 days 00:52:24.853000,,,0 days 00:00:21.676000,10834.0,256.0,7,6.0,True,8,car,1418.337777777778,0.2630279021967861,OnTrack,6785.051371140984,7215.906268384248,-6.206615322384815
2024-03-01 16:39:00.656,0 days 00:52:24.983000,,,0 days 00:00:21.806000,10745.321515885715,236.5000192,7,5.071429485714286,True,8,pos,1426.4891429217978,0.2645395565484249,OnTrack,6870.0,7200.0,-5.0
2024-03-01 16:39:00.806,0 days 00:52:25.133000,,,0 days 00:00:21.956000,10643.0,214.0,6,4.0,True,8,car,1434.9822222222226,0.2661145811064549,OnTrack,6961.911193320667,7181.6809286967555,-2.911635520945939
2024-03-01 16:39:00.875,0 days 00:52:25.202000,,,0 days 00:00:22.025000,10539.500096,205.375008,6,4.0,True,8,pos,1438.6009224099193,0.26678566181371793,OnTrack,7001.0,7173.0,-2.0
2024-03-01 16:39:01.086,0 days 00:52:25.413000,,,0 days 00:00:22.236000,10223.0,179.0,6,4.0,True,8,car,1448.9044444444448,0.26869642935332744,OnTrack,7106.600757181611,7144.3975382452,-0.14951659576443113
2024-03-01 16:39:01.115,0 days 00:52:25.442000,,,0 days 00:00:22.265000,10232.06248,177.5500032,6,4.1812496,True,8,pos,1450.3040913945545,0.2689559910789414,OnTrack,7120.0,7140.0,0.0
2024-03-01 16:39:01.246,0 days 00:52:25.573000,,,0 days 00:00:22.396000,10273.0,171.0,6,5.0,True,8,car,1456.5044444444447,0.270105834142522,OnTrack,7177.954999738204,7118.39707819205,0.36809127283732584
2024-03-01 16:39:01.435,0 days 00:52:25.762000,,,0 days 00:00:22.585000,9711.250190222223,157.87500444444444,6,5.0,True,8,pos,1464.4337489266725,0.27157630778886854,OnTrack,7254.0,7083.0,1.0
2024-03-01 16:39:01.606,0 days 00:52:25.933000,,,0 days 00:00:22.756000,9203.0,146.0,4,5.0,True,8,car,1471.1044444444447,0.27281337492176416,OnTrack,7314.910617209082,7047.714719123829,2.753329091772831
2024-03-01 16:39:01.655,0 days 00:52:25.982000,,,0 days 00:00:22.805000,9090.3001472,144.7750016,4,5.2041664,True,8,pos,1473.0231045113053,0.27316918659111544,OnTrack,7331.0,7037.0,3.0
2024-03-01 16:39:01.836,0 days 00:52:26.163000,,,0 days 00:00:22.986000,8674.0002944,140.2500032,4,5.9583328,True,8,pos,1480.0585346964604,0.2744738930380893,OnTrack,7385.0,6995.0,3.0
2024-03-01 16:39:01.846,0 days 00:52:26.173000,,,0 days 00:00:22.996000,8651.0,140.0,4,6.0,True,8,car,1480.437777777778,0.2745442229084943,OnTrack,7387.707873381102,6992.566463097261,3.0924890981102178
2024-03-01 16:39:02.016,0 days 00:52:26.343000,,,0 days 00:00:23.166000,8461.8751424,135.7500032,4,6.42499968,True,8,pos,1486.703920116547,0.27570626646402535,OnTrack,7429.0,6949.0,6.0
2024-03-01 16:39:02.215,0 days 00:52:26.542000,,,0 days 00:00:23.365000,8240.4875712,130.7750016,4,6.92249984,True,8,pos,1493.7794374064058,0.27701840698433533,OnTrack,7465.0,6891.0,7.0
2024-03-01 16:39:02.246,0 days 00:52:26.573000,,,0 days 00:00:23.396000,8206.0,130.0,4,7.0,False,8,car,1494.8822222222225,0.277222916221291,OnTrack,7469.349312890203,6881.441913007994,7.015536033997719
2024-03-01 16:39:02.376,0 days 00:52:26.703000,,,0 days 00:00:23.526000,8156.4375488,128.3750016,4,21.6249856,False,8,pos,1499.5074552656906,0.27808065643216007,OnTrack,7484.0,6840.0,7.0
2024-03-01 16:39:02.406,0 days 00:52:26.733000,,,0 days 00:00:23.556000,8145.0,128.0,4,25.0,False,8,car,1500.5711111111113,0.2782779092798694,OnTrack,7486.622974697393,6830.119894187948,7.040632812944076
2024-03-01 16:39:02.566,0 days 00:52:26.893000,,,0 days 00:00:23.716000,8142.0,127.0,4,29.0,False,8,car,1506.2155555555557,0.2793246602051776,OnTrack,7495.910966337146,6775.328382802545,7.600206915797591
2024-03-01 16:39:02.696,0 days 00:52:27.023000,,,0 days 00:00:23.846000,8145.714282057143,127.0,4,35.03570834285714,False,8,pos,1510.798289402688,0.280174519025145,OnTrack,7498.0,6726.0,8.0
2024-03-01 16:39:02.846,0 days 00:52:27.173000,,,0 days 00:00:23.996000,8150.0,127.0,4,42.0,False,8,car,1516.0933333333335,0.28115647432446705,OnTrack,7494.6093145551085,6662.527795166513,8.083244013319415
2024-03-01 16:39:02.936,0 days 00:52:27.263000,,,0 days 00:00:24.086000,8216.535619657143,127.32142811428571,4,44.571424914285714,False,8,pos,1519.2761476176565,0.28174672086334096,OnTrack,7490.0,6625.0,8.0
2024-03-01 16:39:03.126,0 days 00:52:27.453000,,,0 days 00:00:24.276000,8357.0,128.0,4,50.0,False,8,car,1526.048888888889,0.2830027121769792,OnTrack,7474.622903904957,6553.828428532968,7.6004948552470335
2024-03-01 16:39:03.335,0 days 00:52:27.662000,,,0 days 00:00:24.485000,8499.974956218182,130.37499927272728,4,54.274998690909094,False,8,pos,1533.6823995170416,0.2844183314450957,OnTrack,7452.0,6487.0,7.0
2024-03-01 16:39:03.566,0 days 00:52:27.893000,,,0 days 00:00:24.716000,8658.0,133.0,4,59.0,False,8,car,1542.3044444444447,0.28601727242053426,OnTrack,7422.441792365615,6422.624455727357,6.0759148359901864
2024-03-01 16:39:03.575,0 days 00:52:27.902000,,,0 days 00:00:24.725000,8683.9873152,133.2249984,4,59.6749952,False,8,pos,1542.6432415441036,0.2860801016645901,OnTrack,7421.0,6420.0,6.0
2024-03-01 16:39:03.726,0 days 00:52:28.053000,,,0 days 00:00:24.876000,9120.0,137.0,4,71.0,False,8,car,1548.3933333333337,0.28714644467854394,OnTrack,7392.655503252326,6373.173934271196,4.118492343574114
2024-03-01 16:39:03.886,0 days 00:52:28.213000,,,0 days 00:00:25.036000,9364.0,143.0,4,73.0,False,8,car,1554.7488888888893,0.2883250697361745,OnTrack,7355.9004146317475,6320.717526676662,1.6539952917861331
2024-03-01 16:39:03.956,0 days 00:52:28.283000,,,0 days 00:00:25.106000,9445.256211222073,144.05527547041655,4,75.46230943097191,False,8,pos,1557.5584770007456,0.2888461022283474,OnTrack,7339.0,6299.0,1.0
2024-03-01 16:39:04.085,0 days 00:52:28.412000,,,0 days 00:00:25.235000,9595.0,146.0,4,80.0,False,8,car,1562.8194444444448,0.28982173811136674,OnTrack,7305.954089524167,6260.52654699583,0.41214108475793193
2024-03-01 16:39:04.135,0 days 00:52:28.462000,,,0 days 00:00:25.285000,9718.333649066666,148.08333866666666,4,80.83333546666667,False,8,pos,1564.920393954391,0.29021135499310013,OnTrack,7290.0,6244.0,0.0
2024-03-01 16:39:04.325,0 days 00:52:28.652000,,,0 days 00:00:25.475000,10187.0,156.0,4,84.0,False,8,car,1573.219444444445,0.29175039729658037,OnTrack,7210.244400075,6169.937178060823,-3.276728849812
2024-03-01 16:39:04.376,0 days 00:52:28.703000,,,0 days 00:00:25.526000,10349.775204266667,158.12500266666666,4,87.187504,False,8,pos,1575.527017924973,0.2921783321801165,OnTrack,7190.0,6152.0,-4.0
2024-03-01 16:39:04.565,0 days 00:52:28.892000,,,0 days 00:00:25.715000,10953.0,166.0,4,99.0,False,8,car,1584.2861111111115,0.2938026884808461,OnTrack,7132.090656164014,6102.795196050776,-4.851445409458364
2024-03-01 16:39:04.725,0 days 00:52:29.052000,,,0 days 00:00:25.875000,11031.0,170.0,4,99.0,False,8,car,1591.8416666666672,0.29520385113677056,OnTrack,7090.101611263738,6070.746398176548,-4.764401874374081
2024-03-01 16:39:04.776,0 days 00:52:29.103000,,,0 days 00:00:25.926000,11170.33946057143,173.09643245714287,4,99.0,False,8,pos,1594.370527739299,0.29567282336137246,OnTrack,7074.0,6059.0,-5.0
2024-03-01 16:39:04.896,0 days 00:52:29.223000,,,0 days 00:00:26.046000,11498.19660342857,180.38214674285715,4,99.0,False,8,pos,1600.5908906410302,0.2968263772119289,OnTrack,7026.0,6025.0,-6.0
2024-03-01 16:39:05.005,0 days 00:52:29.332000,,,0 days 00:00:26.155000,11796.0,187.0,4,99.0,False,8,car,1606.3861111111116,0.29790108924942504,OnTrack,6946.839628100134,5970.170235352952,-7.1535659203731345
2024-03-01 16:39:05.096,0 days 00:52:29.423000,,,0 days 00:00:26.246000,11504.294239288889,189.2750016,4,99.0,False,8,pos,1611.2720952262464,0.29880718522466193,OnTrack,6880.0,5924.0,-8.0
2024-03-01 16:39:05.365,0 days 00:52:29.692000,,,0 days 00:00:26.515000,10642.0,196.0,5,99.0,False,8,car,1625.9861111111115,0.3015358700215584,OnTrack,6798.199645373834,5866.717654748545,-8.831664662257591
2024-03-01 16:39:05.495,0 days 00:52:29.822000,,,0 days 00:00:26.645000,10642.0,199.90000384,5,99.0,False,8,pos,1633.2570476287117,0.30288425064653673,OnTrack,6764.0,5842.0,-9.0
2024-03-01 16:39:05.565,0 days 00:52:29.892000,,,0 days 00:00:26.715000,10642.0,202.0,5,99.0,False,8,car,1637.2083333333337,0.30361700867226965,OnTrack,6737.231012932191,5822.674173167295,-9.141820745769994
2024-03-01 16:39:05.725,0 days 00:52:30.052000,,,0 days 00:00:26.875000,11207.0,206.0,5,99.0,False,8,car,1646.3638888888893,0.3053148881259192,OnTrack,6659.525477441021,5766.228915695268,-9.69050468617638
2024-03-01 16:39:05.775,0 days 00:52:30.102000,,,0 days 00:00:26.925000,11199.2390537182,207.3380941865173,5,99.0,False,8,pos,1649.303892179544,0.3058601058519845,OnTrack,6635.0,5748.0,-10.0
2024-03-01 16:39:05.995,0 days 00:52:30.322000,,,0 days 00:00:27.145000,11165.090977497353,213.2256935349392,5,99.0,False,8,pos,1662.7598738549732,0.3083554907225983,OnTrack,6531.0,5668.0,-12.0
2024-03-01 16:39:06.835,0 days 00:52:31.162000,,,0 days 00:00:27.985000,11034.707413745029,235.70561831982272,5,99.0,False,8,pos,1719.1089954500019,0.31880532254403776,OnTrack,6143.0,5307.0,-18.0
2024-03-01 16:39:06.846,0 days 00:52:31.173000,,,0 days 00:00:27.996000,11033.0,236.0,6,99.0,False,8,car,1719.851666666667,0.31894304943477,OnTrack,6137.395310677777,5300.347128991128,-18.107229000855614
2024-03-01 16:39:07.035,0 days 00:52:31.362000,,,0 days 00:00:28.185000,11117.374971428571,240.7249984,6,99.0,False,8,pos,1732.5949561260225,0.3213062669603105,OnTrack,6045.0,5186.0,-20.0
2024-03-01 16:39:07.126,0 days 00:52:31.453000,,,0 days 00:00:28.276000,11158.0,243.0,6,99.0,False,8,car,1738.751666666667,0.32244801660789857,OnTrack,6013.727378574871,5146.030794273473,-20.69924524348311
2024-03-01 16:39:07.355,0 days 00:52:31.682000,,,0 days 00:00:28.505000,11435.6624224,245.8624992,6,99.0,False,8,pos,1754.3918702369408,0.325348461057362,OnTrack,5956.0,5067.0,-22.0
2024-03-01 16:39:07.366,0 days 00:52:31.693000,,,0 days 00:00:28.516000,11449.0,246.0,6,99.0,False,8,car,1755.1516666666669,0.32548936378458154,OnTrack,5952.539349206635,5062.063860464293,-22.065255793084525
2024-03-01 16:39:07.615,0 days 00:52:31.942000,,,0 days 00:00:28.765000,11489.4624896,250.6687488,6,99.0,False,8,pos,1772.563334028467,0.3287183226487373,OnTrack,5859.0,4924.0,-24.0
2024-03-01 16:39:07.686,0 days 00:52:32.013000,,,0 days 00:00:28.836000,11501.0,252.0,6,99.0,False,8,car,1777.551666666667,0.329643398952734,OnTrack,5832.3469205382735,4882.063827729999,-24.9513470611087
2024-03-01 16:39:07.835,0 days 00:52:32.162000,,,0 days 00:00:28.985000,11527.81998848,252.74499968,6,99.0,False,8,pos,1788.0158844851442,0.3315839672038573,OnTrack,5778.0,4793.0,-27.0
2024-03-01 16:39:07.886,0 days 00:52:32.213000,,,0 days 00:00:29.036000,11537.0,253.0,6,99.0,False,8,car,1791.6072222222226,0.33224997359941694,OnTrack,5759.458501534237,4761.990984088988,-27.4077045788657
2024-03-01 16:39:08.016,0 days 00:52:32.343000,,,0 days 00:00:29.166000,11748.249792,253.0,6,53.500044800000005,False,8,pos,1800.7885665392414,0.33395263552726573,OnTrack,5712.0,4683.0,-28.0
2024-03-01 16:39:08.086,0 days 00:52:32.413000,,,0 days 00:00:29.236000,11862.0,253.0,6,29.0,False,8,car,1805.662777777778,0.33485654824609984,OnTrack,5686.078297684559,4641.812104714287,-28.349496209670487
2024-03-01 16:39:08.316,0 days 00:52:32.643000,,,0 days 00:00:29.466000,11301.786026057143,242.32143451428573,6,33.10714057142857,False,8,pos,1821.0770434573706,0.33771509296593344,OnTrack,5597.0,4515.0,-30.0
2024-03-01 16:39:08.366,0 days 00:52:32.693000,,,0 days 00:00:29.516000,11180.0,240.0,6,34.0,True,8,car,1824.3294444444446,0.33831824421956014,OnTrack,5576.136996098133,4489.59998034363,-30.533394315032428
2024-03-01 16:39:08.495,0 days 00:52:32.822000,,,0 days 00:00:29.645000,10649.4877632,233.5500032,6,39.91249706666667,True,8,pos,1832.5784991953115,0.3398480149132707,OnTrack,5520.0,4428.0,-32.0
2024-03-01 16:39:08.606,0 days 00:52:32.933000,,,0 days 00:00:29.756000,10193.0,228.0,6,45.0,True,8,car,1839.5294444444446,0.3411370537979493,OnTrack,5469.754887677753,4379.994246774386,-32.9288612260405
2024-03-01 16:39:08.735,0 days 00:52:33.062000,,,0 days 00:00:29.885000,10163.9750144,224.31428754285713,6,56.057137371428574,True,8,pos,1847.4537849041476,0.3426066068762537,OnTrack,5409.0,4330.0,-34.0
2024-03-01 16:39:08.886,0 days 00:52:33.213000,,,0 days 00:00:30.036000,10130.0,220.0,6,69.0,False,8,car,1856.6405555555557,0.34431027510695456,OnTrack,5334.169613947238,4279.461101839185,-35.728204105333674
2024-03-01 16:39:08.936,0 days 00:52:33.263000,,,0 days 00:00:30.086000,10103.437568,220.0,6,69.0,False,8,pos,1859.6943946515476,0.3448766034552862,OnTrack,5308.0,4265.0,-36.0
2024-03-01 16:39:09.035,0 days 00:52:33.362000,,,0 days 00:00:30.185000,10050.843784,220.0,6,69.0,False,8,pos,1865.7470824299132,0.3459990622898031,OnTrack,5254.0,4240.0,-36.0
2024-03-01 16:39:09.046,0 days 00:52:33.373000,,,0 days 00:00:30.196000,10045.0,220.0,6,69.0,False,8,car,1866.4183333333335,0.34612354442638615,OnTrack,5247.901208104919,4237.518122145693,-36.026799521505254
2024-03-01 16:39:09.315,0 days 00:52:33.642000,,,0 days 00:00:30.465000,10307.2749376,219.03928594285713,6,81.48928274285714,False,8,pos,1882.780697910637,0.34915791218925446,OnTrack,5093.0,4195.0,-39.0
2024-03-01 16:39:09.326,0 days 00:52:33.653000,,,0 days 00:00:30.476000,10318.0,219.0,6,82.0,False,8,car,1883.4516666666666,0.3492823420021687,OnTrack,5086.311141132915,4193.988488703354,-39.13628027394899
2024-03-01 16:39:09.555,0 days 00:52:33.882000,,,0 days 00:00:30.705000,10375.249984,220.9083328,6,85.8166656,False,8,pos,1897.5042120104993,0.35188835841111227,OnTrack,4942.0,4184.0,-42.0
2024-03-01 16:39:09.566,0 days 00:52:33.893000,,,0 days 00:00:30.716000,10378.0,221.0,6,86.0,False,8,car,1898.185,0.3520146091812213,OnTrack,4935.032384859486,4183.881215414106,-42.17450844657143
2024-03-01 16:39:09.796,0 days 00:52:34.123000,,,0 days 00:00:30.946000,10480.222165333333,224.19444266666667,6,94.30555093333334,False,8,pos,1912.5576611745912,0.3546799904302923,OnTrack,4790.0,4186.0,-46.0
2024-03-01 16:39:09.916,0 days 00:52:34.243000,,,0 days 00:00:31.066000,10533.555498666667,225.86110933333333,6,98.63888426666666,False,8,pos,1920.1496930983624,0.35608791755569774,OnTrack,4714.0,4188.0,-47.0
2024-03-01 16:39:09.926,0 days 00:52:34.253000,,,0 days 00:00:31.076000,10538.0,226.0,6,99.0,False,8,car,1920.7849999999999,0.35620573394908933,OnTrack,4707.6173803102165,4188.162288435798,-47.143974438259875
2024-03-01 16:39:10.095,0 days 00:52:34.422000,,,0 days 00:00:31.245000,10626.0208,229.520832,6,99.0,False,8,pos,1931.5879795025037,0.3582091248765103,OnTrack,4599.0,4190.0,-51.0
2024-03-01 16:39:10.166,0 days 00:52:34.493000,,,0 days 00:00:31.316000,10663.0,231.0,6,99.0,False,8,car,1936.1849999999997,0.3590616331271941,OnTrack,4553.752612025691,4189.390404295818,-52.43296756563957
2024-03-01 16:39:10.326,0 days 00:52:34.653000,,,0 days 00:00:31.476000,10938.0,236.0,6,93.0,False,8,car,1946.6738888888885,0.361006776578948,OnTrack,4453.314124553365,4184.246314285905,-54.904730807794756
2024-03-01 16:39:10.395,0 days 00:52:34.722000,,,0 days 00:00:31.545000,10923.51001344,236.34499968,6,88.17000448,False,8,pos,1951.2104941478708,0.3618480809445658,OnTrack,4411.0,4180.0,-56.0
2024-03-01 16:39:10.526,0 days 00:52:34.853000,,,0 days 00:00:31.676000,10896.0,237.0,6,79.0,False,8,car,1959.840555555555,0.363448508560228,OnTrack,4330.9682394593865,4167.9685006468935,-58.343755562040236
2024-03-01 16:39:10.556,0 days 00:52:34.883000,,,0 days 00:00:31.706000,10915.70704471863,237.25104515565133,6,79.12552257782566,False,8,pos,1961.8238434753396,0.3638163053355564,OnTrack,4311.0,4164.0,-59.0
2024-03-01 16:39:10.716,0 days 00:52:35.043000,,,0 days 00:00:31.866000,11020.811731664655,238.58995836515484,6,79.79497918257742,False,8,pos,1972.4441721798291,0.36578582403804694,OnTrack,4197.0,4136.0,-63.0
2024-03-01 16:39:10.765,0 days 00:52:35.092000,,,0 days 00:00:31.915000,11053.0,239.0,6,80.0,False,8,car,1975.7074999999995,0.3663910016510022,OnTrack,4167.534847997998,4127.385943979293,-63.93208910398611
2024-03-01 16:39:10.936,0 days 00:52:35.263000,,,0 days 00:00:32.086000,11099.4906424,240.0687504,6,90.1531288,False,8,pos,1987.130532457776,0.3685093801579911,OnTrack,4073.0,4090.0,-67.0
2024-03-01 16:39:11.085,0 days 00:52:35.412000,,,0 days 00:00:32.235000,11140.0,241.0,6,99.0,False,8,car,1997.1297222222217,0.37036370988721146,OnTrack,3950.408744854194,4024.47034454612,-72.8864277620696
2024-03-01 16:39:11.256,0 days 00:52:35.583000,,,0 days 00:00:32.406000,11161.375008,242.42500053333333,6,99.0,False,8,pos,2008.659941867384,0.3725019660435743,OnTrack,3817.0,3945.0,-80.0
2024-03-01 16:39:11.325,0 days 00:52:35.652000,,,0 days 00:00:32.475000,11170.0,243.0,6,99.0,False,8,car,2013.3297222222218,0.37336796746417883,OnTrack,3785.8877471478445,3924.16518919638,-81.68796244621022
2024-03-01 16:39:11.516,0 days 00:52:35.843000,,,0 days 00:00:32.666000,11353.36006144,244.91000064,6,99.0,False,8,pos,2026.3242023612215,0.37577776779852085,OnTrack,3734.0,3878.0,-85.0
2024-03-01 16:39:11.525,0 days 00:52:35.852000,,,0 days 00:00:32.675000,11362.0,245.0,6,99.0,False,8,car,2026.9408333333326,0.37589212077816025,OnTrack,3730.7454813033523,3874.9013050799754,-85.23892092902133
2024-03-01 16:39:11.716,0 days 00:52:36.043000,,,0 days 00:00:32.866000,11518.892909714286,247.72857234285715,6,99.0,False,8,pos,2040.1305312797367,0.37833812386417226,OnTrack,3645.0,3790.0,-92.0
2024-03-01 16:39:11.805,0 days 00:52:36.132000,,,0 days 00:00:32.955000,11592.0,249.0,6,99.0,False,8,car,2046.3074999999994,0.3794836303506254,OnTrack,3605.8581809866864,3745.7818879782253,-95.44830129038753
2024-03-01 16:39:11.995,0 days 00:52:36.322000,,,0 days 00:00:33.145000,11618.464303542858,250.35714377142858,6,99.0,False,8,pos,2059.517474192548,0.38193339362590356,OnTrack,3522.0,3636.0,-103.0
2024-03-01 16:39:12.085,0 days 00:52:36.412000,,,0 days 00:00:33.235000,11631.0,251.0,6,99.0,False,8,car,2065.829722222222,0.383103987389536,OnTrack,3475.6014380936713,3569.187572722163,-106.67589541744694
2024-03-01 16:39:12.275,0 days 00:52:36.602000,,,0 days 00:00:33.425000,11777.458432,254.958336,6,99.0,False,8,pos,2079.3212406864945,0.3856059624865167,OnTrack,3379.0,3423.0,-114.0
2024-03-01 16:39:12.325,0 days 00:52:36.652000,,,0 days 00:00:33.475000,11816.0,256.0,6,99.0,False,8,car,2082.8963888888884,0.38626896656527115,OnTrack,3359.7368321525773,3393.054791896078,-115.60085671722564
2024-03-01 16:39:12.565,0 days 00:52:36.892000,,,0 days 00:00:33.715000,11881.0,259.0,6,99.0,False,8,car,2100.1630555555553,0.38947103534072197,OnTrack,3295.6408195010004,3287.8474981986465,-121.89083682915923
2024-03-01 16:39:12.636,0 days 00:52:36.963000,,,0 days 00:00:33.786000,11894.9041792,259.8875008,6,98.7041664,False,8,pos,2105.3058956186887,0.390424764737438,OnTrack,3274.0,3251.0,-124.0
2024-03-01 16:39:12.805,0 days 00:52:37.132000,,,0 days 00:00:33.955000,11928.0,262.0,6,98.0,False,8,car,2117.6297222222215,0.39271019371588833,OnTrack,3211.7677020620717,3144.4456249528193,-129.68050812951398
2024-03-01 16:39:12.815,0 days 00:52:37.142000,,,0 days 00:00:33.965000,11875.82548135098,261.93788747779877,6,94.52169875673192,False,8,pos,2118.363845533463,0.39284633541466774,OnTrack,3208.0,3138.0,-130.0
2024-03-01 16:39:12.966,0 days 00:52:37.293000,,,0 days 00:00:34.116000,11088.0,261.0,6,42.0,True,8,car,2129.3022222222216,0.3948748354792928,OnTrack,3152.385483079631,3043.361378974042,-134.2989384270965
2024-03-01 16:39:12.995,0 days 00:52:37.322000,,,0 days 00:00:34.145000,11059.6214912,256.9607232,6,38.375008,True,8,pos,2131.2758377740774,0.39524083853334735,OnTrack,3142.0,3026.0,-135.0
2024-03-01 16:39:13.196,0 days 00:52:37.523000,,,0 days 00:00:34.346000,10862.928696685714,228.96430354285715,6,13.250016,True,8,pos,2143.6926488187864,0.39754351129031273,OnTrack,3070.0,2911.0,-139.0
2024-03-01 16:39:13.246,0 days 00:52:37.573000,,,0 days 00:00:34.396000,10814.0,222.0,6,7.0,True,8,car,2146.5688888888885,0.3980769042547436,OnTrack,3050.108366742512,2881.66141802371,-139.97895033592934
2024-03-01 16:39:13.446,0 days 00:52:37.773000,,,0 days 00:00:34.596000,9903.0,194.0,6,8.0,True,8,car,2157.346666666666,0.4000756215727534,OnTrack,2965.7672100399045,2765.2645131768354,-143.92029783710348
2024-03-01 16:39:13.515,0 days 00:52:37.842000,,,0 days 00:00:34.665000,9841.885770971428,185.62143634285715,6,8.0,True,8,pos,2160.6826751513017,0.4006942776694691,OnTrack,2943.0,2735.0,-145.0
2024-03-01 16:39:13.726,0 days 00:52:38.053000,,,0 days 00:00:34.876000,9655.0,160.0,5,8.0,True,8,car,2169.7911111111102,0.4023834188883936,OnTrack,2902.2068520966477,2683.984313188028,-147.09234255387315
2024-03-01 16:39:13.875,0 days 00:52:38.202000,,,0 days 00:00:35.025000,9901.781144,148.35938,5,7.5343752,True,8,pos,2175.613283884337,0.40346312917656507,OnTrack,2878.0,2655.0,-148.0
2024-03-01 16:39:14.046,0 days 00:52:38.373000,,,0 days 00:00:35.196000,10185.0,135.0,5,7.0,True,8,car,2181.7911111111102,0.4046087948713324,OnTrack,2837.0143190022945,2606.164938562189,-148.93747312689055
2024-03-01 16:39:14.056,0 days 00:52:38.383000,,,0 days 00:00:35.206000,10115.000896,134.1250112,5,7.0,True,8,pos,2182.1385168477127,0.4046732205698799,OnTrack,2834.0,2603.0,-149.0
2024-03-01 16:39:14.206,0 days 00:52:38.533000,,,0 days 00:00:35.356000,9065.0,121.0,3,7.0,True,8,car,2187.168888888888,0.4056060929970198,OnTrack,2779.568501637489,2552.597639837704,-150.10349292261202
2024-03-01 16:39:14.355,0 days 00:52:38.682000,,,0 days 00:00:35.505000,8332.66531456,114.29500288,3,7.0,True,8,pos,2191.847756704945,0.40647377966911963,OnTrack,2730.0,2512.0,-151.0
2024-03-01 16:39:14.406,0 days 00:52:38.733000,,,0 days 00:00:35.556000,8082.0,112.0,3,7.0,True,8,car,2193.39111111111,0.40675999165483984,OnTrack,2718.97820772104,2503.6614850979176,-151.14584764291678
2024-03-01 16:39:14.646,0 days 00:52:38.973000,,,0 days 00:00:35.796000,7365.0,104.0,3,6.0,True,8,car,2200.3244444444435,0.40804576444498225,OnTrack,2690.3772222266484,2490.0180602523014,-151.02716200673214
2024-03-01 16:39:14.675,0 days 00:52:39.002000,,,0 days 00:00:35.825000,7294.8564048,102.9125024,3,6.0,True,8,pos,2201.130133360405,0.40819517784192394,OnTrack,2685.0,2488.0,-151.0
2024-03-01 16:39:14.806,0 days 00:52:39.133000,,,0 days 00:00:35.956000,6978.0,98.0,3,6.0,True,8,car,2204.6799999999994,0.4088534935054564,OnTrack,2652.435365379547,2475.586866277783,-150.93188955993404
2024-03-01 16:39:14.856,0 days 00:52:39.183000,,,0 days 00:00:36.006000,6900.9689472,96.7500032,3,5.8437504,True,8,pos,2205.9892773489073,0.4090962963693952,OnTrack,2639.0,2471.0,-151.0
2024-03-01 16:39:15.076,0 days 00:52:39.403000,,,0 days 00:00:36.226000,6562.0314472,91.2500032,3,5.1562504,True,8,pos,2211.4745327569913,0.41011352600651485,OnTrack,2583.0,2458.0,-152.0
2024-03-01 16:39:15.126,0 days 00:52:39.453000,,,0 days 00:00:36.276000,6485.0,90.0,3,5.0,True,8,car,2212.6799999999994,0.41033707749408227,OnTrack,2570.7318979883034,2456.676119742008,-152.25761252287762
2024-03-01 16:39:15.286,0 days 00:52:39.613000,,,0 days 00:00:36.436000,6294.0,85.0,3,0.0,False,8,car,2216.457777777777,0.41103765882204446,OnTrack,2532.6283818750076,2456.424481705732,-152.94131673386838
2024-03-01 16:39:15.315,0 days 00:52:39.642000,,,0 days 00:00:36.465000,6254.9536576,84.6892864,3,0.0,False,8,pos,2217.1317736154488,0.41116265000119057,OnTrack,2526.0,2457.0,-153.0
2024-03-01 16:39:15.476,0 days 00:52:39.803000,,,0 days 00:00:36.626000,6038.178743771428,82.96428708571429,3,0.0,False,8,pos,2220.817930312857,0.41184624038317086,OnTrack,2491.0,2464.0,-153.0
2024-03-01 16:39:15.566,0 days 00:52:39.893000,,,0 days 00:00:36.716000,5917.0,82.0,3,0.0,False,8,car,2222.835555555555,0.41222040494631007,OnTrack,2473.01355894698,2471.5577056276375,-152.9815679084143
2024-03-01 16:39:15.766,0 days 00:52:40.093000,,,0 days 00:00:36.916000,5896.0,79.0,3,5.0,False,8,car,2227.2244444444436,0.41303431560673676,OnTrack,2437.447458873096,2496.6851919868614,-152.99945234384546
2024-03-01 16:39:15.775,0 days 00:52:40.102000,,,0 days 00:00:36.925000,5906.2374272,79.0,3,6.0124927999999995,False,8,pos,2227.420856345528,0.4130707398006898,OnTrack,2436.0,2498.0,-153.0
2024-03-01 16:39:15.936,0 days 00:52:40.263000,,,0 days 00:00:37.086000,6089.3748544,79.0,3,24.1249856,False,8,pos,2230.9306116963166,0.4137216169059928,OnTrack,2412.0,2524.0,-153.0
2024-03-01 16:39:16.086,0 days 00:52:40.413000,,,0 days 00:00:37.236000,6260.0,79.0,3,41.0,False,8,car,2234.246666666666,0.41433657266341944,OnTrack,2391.5327120621587,2551.7747273601653,-152.99071791656255
2024-03-01 16:39:16.115,0 days 00:52:40.442000,,,0 days 00:00:37.265000,6282.18495104,79.43499904,3,41.14499968,False,8,pos,2234.897831074602,0.41445732979961647,OnTrack,2388.0,2557.0,-153.0
2024-03-01 16:39:16.286,0 days 00:52:40.613000,,,0 days 00:00:37.436000,6413.0,82.0,3,42.0,False,8,car,2238.8022222222216,0.4151813913236092,OnTrack,2369.5418097702836,2587.807663398895,-153.08972238304997
2024-03-01 16:39:16.335,0 days 00:52:40.662000,,,0 days 00:00:37.485000,6458.499940571429,82.52499931428571,3,42.69999908571429,False,8,pos,2239.9404830557296,0.4153924795170433,OnTrack,2363.0,2601.0,-153.0
2024-03-01 16:39:16.536,0 days 00:52:40.863000,,,0 days 00:00:37.686000,6645.142738285715,84.67857005714286,3,45.57142674285714,False,8,pos,2244.694002359027,0.4162740101580427,OnTrack,2330.0,2675.0,-152.0
2024-03-01 16:39:16.566,0 days 00:52:40.893000,,,0 days 00:00:37.716000,6673.0,85.0,3,46.0,False,8,car,2245.413333333333,0.4164074086475431,OnTrack,2326.1951515945007,2684.018947507624,-151.8589479795167
2024-03-01 16:39:16.766,0 days 00:52:41.093000,,,0 days 00:00:37.916000,7038.0,88.0,3,50.0,False,8,car,2250.3022222222216,0.41731404330725885,OnTrack,2313.0377772866173,2719.181660254553,-151.2092786433585
2024-03-01 16:39:16.956,0 days 00:52:41.283000,,,0 days 00:00:38.106000,7364.454325527273,92.7499968,3,57.340904145454545,False,8,pos,2255.250482393021,0.41823168825237794,OnTrack,2307.0,2747.0,-151.0
2024-03-01 16:39:17.116,0 days 00:52:41.443000,,,0 days 00:00:38.266000,7639.363416436364,96.7499968,3,63.522722327272724,False,8,pos,2259.7204733019125,0.41906063912009484,OnTrack,2300.0,2784.0,-151.0
2024-03-01 16:39:17.206,0 days 00:52:41.533000,,,0 days 00:00:38.356000,7794.0,99.0,3,67.0,False,8,car,2262.4022222222216,0.41955796409005547,OnTrack,2296.3090166085694,2807.5152661100756,-150.81784055851065
2024-03-01 16:39:17.416,0 days 00:52:41.743000,,,0 days 00:00:38.566000,8776.631452855236,109.52631443872775,3,75.4210515509822,False,8,pos,2269.1320716125006,0.42080600119021566,OnTrack,2290.0,2868.0,-150.0
2024-03-01 16:39:17.605,0 days 00:52:41.932000,,,0 days 00:00:38.755000,9661.0,119.0,3,83.0,False,8,car,2275.591388888888,0.4220038686513035,OnTrack,2288.881195948919,2928.053094568037,-149.21630798816753
2024-03-01 16:39:17.636,0 days 00:52:41.963000,,,0 days 00:00:38.786000,9689.6750592,120.29166933333333,3,83.12916693333334,False,8,pos,2276.6738653658726,0.42220461174746826,OnTrack,2289.0,2938.0,-149.0
2024-03-01 16:39:17.836,0 days 00:52:42.163000,,,0 days 00:00:38.986000,9874.6750592,128.62500266666666,3,83.96250026666667,False,8,pos,2283.856498623197,0.42353661670956044,OnTrack,2292.0,3007.0,-147.0
2024-03-01 16:39:17.845,0 days 00:52:42.172000,,,0 days 00:00:38.995000,9883.0,129.0,3,84.0,False,8,car,2284.191388888888,0.4235987214390763,OnTrack,2292.2845355496734,3010.8598659334125,-146.9124197431724
2024-03-01 16:39:18.005,0 days 00:52:42.332000,,,0 days 00:00:39.155000,10905.0,139.0,3,99.0,False,8,car,2290.369166666666,0.42474437796362624,OnTrack,2299.4942665590224,3090.3965456490046,-145.49998691910582
2024-03-01 16:39:18.056,0 days 00:52:42.383000,,,0 days 00:00:39.206000,10938.7875424,141.80500352,3,99.0,False,8,pos,2292.4645797498565,0.4251329681260986,OnTrack,2302.0,3114.0,-145.0
2024-03-01 16:39:18.395,0 days 00:52:42.722000,,,0 days 00:00:39.545000,11163.3750848,160.45000704,3,99.0,False,8,pos,2307.7854617281278,0.4279741950254224,OnTrack,2319.0,3232.0,-141.0
2024-03-01 16:39:18.405,0 days 00:52:42.732000,,,0 days 00:00:39.555000,11170.0,161.0,3,99.0,False,8,car,2308.2580555555546,0.428061836604859,OnTrack,2319.643265663556,3235.9191860581786,-140.9057849393609
2024-03-01 16:39:18.615,0 days 00:52:42.942000,,,0 days 00:00:39.765000,11229.181854254546,169.1136413090909,3,99.0,False,8,pos,2318.3819326390303,0.4299392893478417,OnTrack,2336.0,3331.0,-139.0
2024-03-01 16:39:18.845,0 days 00:52:43.172000,,,0 days 00:00:39.995000,11294.0,178.0,4,99.0,False,8,car,2330.01361111111,0.43209636084059433,OnTrack,2359.8975770923084,3449.3432102290053,-134.69205267611335
2024-03-01 16:39:18.876,0 days 00:52:43.203000,,,0 days 00:00:40.026000,11278.077239854545,179.26818443636364,4,99.0,False,8,pos,2331.6341413764408,0.4323968849349354,OnTrack,2363.0,3464.0,-134.0
2024-03-01 16:39:19.015,0 days 00:52:43.342000,,,0 days 00:00:40.165000,11206.681752436363,184.9545506909091,4,99.0,False,8,pos,2339.054605593019,0.4337729951724212,OnTrack,2376.0,3524.0,-131.0
2024-03-01 16:39:19.215,0 days 00:52:43.542000,,,0 days 00:00:40.365000,11103.954479709091,193.13636887272727,4,99.0,False,8,pos,2350.071756631126,0.4358161037824722,OnTrack,2395.0,3608.0,-129.0
2024-03-01 16:39:19.285,0 days 00:52:43.612000,,,0 days 00:00:40.435000,11068.0,196.0,4,99.0,False,8,car,2353.969166666666,0.4365388706732018,OnTrack,2402.4023687386994,3640.9170216105053,-128.02438008630116
2024-03-01 16:39:19.436,0 days 00:52:43.763000,,,0 days 00:00:40.586000,11046.505343654711,199.76156486042544,4,99.0,False,8,pos,2362.442581645178,0.4381102485220897,OnTrack,2421.0,3725.0,-125.0
2024-03-01 16:39:19.566,0 days 00:52:43.893000,,,0 days 00:00:40.716000,11028.0,203.0,5,99.0,False,8,car,2369.8144444444433,0.43947734572400676,OnTrack,2441.7112104780645,3820.6985920948578,-121.52427356997522
2024-03-01 16:39:19.716,0 days 00:52:44.043000,,,0 days 00:00:40.866000,11220.187336,205.8124976,5,99.0,False,8,pos,2378.413308673752,0.44107198788537794,OnTrack,2464.0,3926.0,-118.0
2024-03-01 16:39:19.886,0 days 00:52:44.213000,,,0 days 00:00:41.036000,11438.0,209.0,5,99.0,False,8,car,2388.3922222222213,0.44292255743092684,OnTrack,2477.31090394632,3993.2799271637095,-116.68308348148909
2024-03-01 16:39:19.976,0 days 00:52:44.303000,,,0 days 00:00:41.126000,11535.499861333334,213.12499413333333,5,99.0,False,8,pos,2393.83016235806,0.4439310125455063,OnTrack,2485.0,4029.0,-116.0
2024-03-01 16:39:20.126,0 days 00:52:44.453000,,,0 days 00:00:41.276000,11698.0,220.0,5,99.0,False,8,car,2403.0588888888883,0.4456424614100743,OnTrack,2504.643024008403,4111.962483254573,-113.81900187637314
2024-03-01 16:39:20.175,0 days 00:52:44.502000,,,0 days 00:00:41.325000,11713.31248,220.8166656,5,99.0,False,8,pos,2406.0901173171633,0.4462045966553313,OnTrack,2513.0,4147.0,-113.0
2024-03-01 16:39:20.366,0 days 00:52:44.693000,,,0 days 00:00:41.516000,11773.0,224.0,5,99.0,False,8,car,2417.9922222222212,0.4484118181888425,OnTrack,2554.464427089239,4323.014935264603,-109.78266024757289
2024-03-01 16:39:20.496,0 days 00:52:44.823000,,,0 days 00:00:41.646000,11480.500288,225.94999808,5,99.0,False,8,pos,2426.1996095490763,0.4499338617421642,OnTrack,2579.0,4428.0,-108.0
2024-03-01 16:39:20.766,0 days 00:52:45.093000,,,0 days 00:00:41.916000,10873.0,230.0,6,99.0,False,8,car,2443.547777777777,0.4531510448191751,OnTrack,2601.5347414298412,4527.110128064386,-106.14936099607144
2024-03-01 16:39:20.856,0 days 00:52:45.183000,,,0 days 00:00:42.006000,10880.8749888,233.3749952,6,99.0,False,8,pos,2449.42889620587,0.4542416864610665,OnTrack,2610.0,4567.0,-106.0
2024-03-01 16:39:20.926,0 days 00:52:45.253000,,,0 days 00:00:42.076000,10887.0,236.0,6,99.0,False,8,car,2454.036666666666,0.45509618827092907,OnTrack,2618.7593839305914,4608.696775533502,-106.02445798898347
2024-03-01 16:39:20.975,0 days 00:52:45.302000,,,0 days 00:00:42.125000,10934.7749376,236.97999872,6,99.0,False,8,pos,2457.2792709448045,0.4556975227444911,OnTrack,2626.0,4644.0,-106.0
2024-03-01 16:39:21.126,0 days 00:52:45.453000,,,0 days 00:00:42.276000,11082.0,240.0,6,99.0,False,8,car,2467.3699999999994,0.4575688282519722,OnTrack,2653.965796056569,4786.646291504055,-105.26219118076114
2024-03-01 16:39:21.316,0 days 00:52:45.643000,,,0 days 00:00:42.466000,11217.714194285714,244.07142582857142,6,99.0,False,8,pos,2480.3094632626244,0.45996842581670255,OnTrack,2687.0,4961.0,-104.0
2024-03-01 16:39:21.406,0 days 00:52:45.733000,,,0 days 00:00:42.556000,11282.0,246.0,6,99.0,False,8,car,2486.503333333332,0.4611170666247689,OnTrack,2695.0727275436116,5004.908069097608,-103.78520378535381
2024-03-01 16:39:21.616,0 days 00:52:45.943000,,,0 days 00:00:42.766000,11437.24990537143,248.99999817142856,6,99.0,False,8,pos,2501.066253865917,0.4638177310909906,OnTrack,2705.0,5069.0,-104.0
2024-03-01 16:39:21.686,0 days 00:52:46.013000,,,0 days 00:00:42.836000,11489.0,250.0,6,99.0,False,8,car,2505.9477777777765,0.46472299993045674,OnTrack,2710.7306413604433,5108.599790412541,-104.16334336564437
2024-03-01 16:39:21.876,0 days 00:52:46.203000,,,0 days 00:00:43.026000,11621.9999104,252.0357129142857,6,99.0,False,8,pos,2519.2604926923073,0.467191816266999,OnTrack,2730.0,5248.0,-105.0
2024-03-01 16:39:21.966,0 days 00:52:46.293000,,,0 days 00:00:43.116000,11685.0,253.0,6,99.0,False,8,car,2525.6255555555545,0.46837220443581284,OnTrack,2737.7029060612085,5311.1285160602865,-105.74938149673245
2024-03-01 16:39:21.996,0 days 00:52:46.323000,,,0 days 00:00:43.146000,11701.166597688889,253.4166648888889,6,99.0,False,8,pos,2527.7581041283797,0.4687676813005142,OnTrack,2740.0,5332.0,-106.0
2024-03-01 16:39:22.276,0 days 00:52:46.603000,,,0 days 00:00:43.426000,11852.055486577778,257.3055537777778,6,99.0,False,8,pos,2547.8461557936794,0.47249297027718007,OnTrack,2754.0,5529.0,-108.0
2024-03-01 16:39:22.326,0 days 00:52:46.653000,,,0 days 00:00:43.476000,11879.0,258.0,6,99.0,False,8,car,2551.4255555555546,0.47315676279913127,OnTrack,2754.7285352931954,5564.207037242628,-108.43892082572393
2024-03-01 16:39:22.476,0 days 00:52:46.803000,,,0 days 00:00:43.626000,11825.250045866667,257.3750005333333,6,99.0,False,8,pos,2562.119848065338,0.4751399979412808,OnTrack,2753.0,5670.0,-110.0
2024-03-01 16:39:22.566,0 days 00:52:46.893000,,,0 days 00:00:43.716000,11793.0,257.0,6,99.0,False,8,car,2568.5588888888883,0.4763341051747717,OnTrack,2748.5594448568777,5734.090043072314,-111.10577716789574
2024-03-01 16:39:22.635,0 days 00:52:46.962000,,,0 days 00:00:43.785000,11835.2624608,258.2937488,6,99.0,False,8,pos,2573.526138962398,0.47725527175934157,OnTrack,2743.0,5783.0,-112.0
2024-03-01 16:39:22.726,0 days 00:52:47.053000,,,0 days 00:00:43.876000,11891.0,260.0,6,99.0,True,8,car,2580.1144444444435,0.478477059825009,OnTrack,2732.3923825376314,5846.604251005098,-113.19959400719677
2024-03-01 16:39:22.915,0 days 00:52:47.242000,,,0 days 00:00:44.065000,11295.6502016,259.05500032,6,41.35501952,True,8,pos,2593.7412855501952,0.48100413023501415,OnTrack,2699.0,5977.0,-116.0
2024-03-01 16:39:22.926,0 days 00:52:47.253000,,,0 days 00:00:44.076000,11261.0,259.0,6,38.0,True,8,car,2594.5033333333326,0.48114545047121804,OnTrack,2696.6187883843577,5984.617895624721,-116.19078458688239
2024-03-01 16:39:23.076,0 days 00:52:47.403000,,,0 days 00:00:44.226000,11195.642912914285,242.3928713142857,6,17.64287451428571,True,8,pos,2604.4114992977447,0.4829829000188992,OnTrack,2661.0,6086.0,-119.0
2024-03-01 16:39:23.206,0 days 00:52:47.533000,,,0 days 00:00:44.356000,11139.0,228.0,6,0.0,True,8,car,2612.236666666666,0.4844340616460054,OnTrack,2630.9779105178145,6159.933663065061,-121.34605313925121
2024-03-01 16:39:23.396,0 days 00:52:47.723000,,,0 days 00:00:44.546000,10423.786196114286,200.85716114285714,6,0.0,True,8,pos,2622.3851941383546,0.48631608575414614,OnTrack,2573.0,6265.0,-125.0
2024-03-01 16:39:23.486,0 days 00:52:47.813000,,,0 days 00:00:44.636000,10085.0,188.0,5,0.0,True,8,car,2626.8588888888885,0.4871457234918827,OnTrack,2530.145202903676,6326.500360805307,-127.09974487112015
2024-03-01 16:39:23.576,0 days 00:52:47.903000,,,0 days 00:00:44.726000,10177.624868266666,180.87501013333332,5,0.0,True,8,pos,2631.198565256405,0.48795050778871585,OnTrack,2490.0,6381.0,-129.0
2024-03-01 16:39:23.726,0 days 00:52:48.053000,,,0 days 00:00:44.876000,10332.0,169.0,5,0.0,True,8,car,2638.125555555555,0.48923510427586403,OnTrack,2457.5318037171264,6423.40148209918,-130.74161346137623
2024-03-01 16:39:23.876,0 days 00:52:48.203000,,,0 days 00:00:45.026000,9651.8443304,159.1562584,5,0.0,True,8,pos,2644.655706859167,0.49044610776553177,OnTrack,2427.0,6450.0,-132.0
2024-03-01 16:39:24.046,0 days 00:52:48.373000,,,0 days 00:00:45.196000,8881.0,148.0,4,0.0,True,8,car,2651.2811111111105,0.49167477572382656,OnTrack,2345.6858270276707,6514.606964143502,-134.3947928919112
2024-03-01 16:39:24.176,0 days 00:52:48.503000,,,0 days 00:00:45.326000,8599.635224050036,133.87744367818715,4,0.0,True,8,pos,2655.5545237432666,0.4924672715435588,OnTrack,2285.0,6561.0,-136.0
2024-03-01 16:39:24.405,0 days 00:52:48.732000,,,0 days 00:00:45.555000,8104.0,109.0,3,0.0,True,8,car,2662.1508333333327,0.49369054395503903,OnTrack,2239.808540191115,6589.910859806595,-136.81108859350644
2024-03-01 16:39:24.596,0 days 00:52:48.923000,,,0 days 00:00:45.746000,7292.249728,106.015624,3,0.0,True,8,pos,2667.806467768172,0.49473937004167,OnTrack,2210.0,6596.0,-137.0
2024-03-01 16:39:24.725,0 days 00:52:49.052000,,,0 days 00:00:45.875000,6744.0,104.0,3,0.0,True,8,car,2671.395277777777,0.4954049076752289,OnTrack,2171.0026005913073,6605.533846213392,-137.525563541236
2024-03-01 16:39:24.836,0 days 00:52:49.163000,,,0 days 00:00:45.986000,6490.91985408,95.11999488,3,0.0,True,8,pos,2674.176507953959,0.4959206812449872,OnTrack,2137.0,6613.0,-138.0
2024-03-01 16:39:24.925,0 days 00:52:49.252000,,,0 days 00:00:46.075000,6288.0,88.0,3,0.0,True,8,car,2676.2841666666664,0.49631154233494473,OnTrack,2116.277379465693,6616.023405594012,-138.25841835436506
2024-03-01 16:39:25.205,0 days 00:52:49.532000,,,0 days 00:00:46.355000,6082.0,82.0,3,0.0,False,8,car,2682.661944444444,0.49749428845921034,OnTrack,2071.873752946849,6610.508537067416,-138.94904951688346
2024-03-01 16:39:25.215,0 days 00:52:49.542000,,,0 days 00:00:46.365000,6069.2498368,81.9374992,3,0.0,False,8,pos,2682.887706906057,0.4975361556558705,OnTrack,2070.0,6610.0,-139.0
2024-03-01 16:39:25.365,0 days 00:52:49.692000,,,0 days 00:00:46.515000,5878.0,81.0,3,0.0,False,8,car,2686.261944444444,0.498161901254092,OnTrack,2039.0559523920485,6599.86518045068,-139.94169220707587
2024-03-01 16:39:25.375,0 days 00:52:49.702000,,,0 days 00:00:46.525000,5878.0,80.8749984,3,0.0,False,8,pos,2686.484326318278,0.49820314152751455,OnTrack,2037.0,6599.0,-140.0
2024-03-01 16:39:25.525,0 days 00:52:49.852000,,,0 days 00:00:46.675000,5878.0,79.0,3,0.0,False,8,car,2689.773055555555,0.4988130297824333,OnTrack,2007.7495660894078,6583.010516984725,-140.68428862159982
2024-03-01 16:39:25.676,0 days 00:52:50.003000,,,0 days 00:00:46.826000,5745.874944,77.48999936,3,15.85500672,False,8,pos,2693.007210366504,0.499412797319216,OnTrack,1980.0,6559.0,-141.0
2024-03-01 16:39:25.725,0 days 00:52:50.052000,,,0 days 00:00:46.875000,5703.0,77.0,3,21.0,False,8,car,2694.050833333333,0.4996063351096846,OnTrack,1971.0760373836688,6549.022286229876,-141.01923320951926
2024-03-01 16:39:25.895,0 days 00:52:50.222000,,,0 days 00:00:47.045000,5908.789519181198,77.47091423153591,3,31.360113093790265,False,8,pos,2697.6705199494086,0.5002775987481164,OnTrack,1943.0,6511.0,-141.0
2024-03-01 16:39:26.086,0 days 00:52:50.413000,,,0 days 00:00:47.236000,6140.0,78.0,3,43.0,False,8,car,2701.8724999999995,0.501056847538564,OnTrack,1925.721873574169,6479.119920293424,-141.61888443620322
2024-03-01 16:39:26.216,0 days 00:52:50.543000,,,0 days 00:00:47.366000,6402.27474176,81.2499968,3,45.27499776,False,8,pos,2704.906599639554,0.5016195152442062,OnTrack,1917.0,6458.0,-142.0
2024-03-01 16:39:26.475,0 days 00:52:50.802000,,,0 days 00:00:47.625000,6924.80737088,87.7249984,3,49.80749888,False,8,pos,2711.364245282618,0.50281707270424,OnTrack,1897.0,6405.0,-142.0
2024-03-01 16:39:26.486,0 days 00:52:50.813000,,,0 days 00:00:47.636000,6947.0,88.0,3,50.0,False,8,car,2711.6502777777773,0.5028701168579957,OnTrack,1896.1808095570536,6402.449731460699,-141.99751956948703
2024-03-01 16:39:26.675,0 days 00:52:51.002000,,,0 days 00:00:47.825000,7452.5748287999995,92.7249984,3,55.66999808,False,8,pos,2716.7139594686555,0.5038091664930061,OnTrack,1883.0,6356.0,-142.0
2024-03-01 16:39:26.836,0 days 00:52:51.163000,,,0 days 00:00:47.986000,7883.2496576,96.7499968,3,60.49999616,False,8,pos,2721.1592907840322,0.5046335442884597,OnTrack,1873.0,6316.0,-142.0
2024-03-01 16:39:26.886,0 days 00:52:51.213000,,,0 days 00:00:48.036000,8017.0,98.0,3,62.0,False,8,car,2722.539166666666,0.5048894395091807,OnTrack,1870.1706468489972,6303.417580159202,-142.01855865721063
2024-03-01 16:39:27.046,0 days 00:52:51.373000,,,0 days 00:00:48.196000,8286.0,101.0,3,64.0,False,8,car,2727.0280555555546,0.5057218949694653,OnTrack,1861.5620059945659,6259.265532606557,-142.01674911823494
2024-03-01 16:39:27.056,0 days 00:52:51.383000,,,0 days 00:00:48.206000,8317.555151644445,101.4999936,3,64.52777102222223,False,8,pos,2727.3238927516945,0.5057767573853944,OnTrack,1861.0,6256.0,-142.0
2024-03-01 16:39:27.316,0 days 00:52:51.643000,,,0 days 00:00:48.466000,9137.999596088888,114.4999936,3,78.24999324444444,False,8,pos,2735.7841471743423,0.507345694635537,OnTrack,1846.0,6157.0,-141.0
2024-03-01 16:39:27.406,0 days 00:52:51.733000,,,0 days 00:00:48.556000,9422.0,119.0,3,83.0,False,8,car,2738.9280555555547,0.5079287261525463,OnTrack,1841.7542352207129,6126.848951280094,-140.6702327940215
2024-03-01 16:39:27.726,0 days 00:52:52.053000,,,0 days 00:00:48.876000,10409.0,134.0,3,91.0,False,8,car,2750.8391666666657,0.5101376178689447,OnTrack,1830.3132056693814,6037.646478742952,-140.00423707294817
2024-03-01 16:39:27.735,0 days 00:52:52.062000,,,0 days 00:00:48.885000,10407.40251136,134.49499648,3,91.15749888,False,8,pos,2751.199652542474,0.5102044692531291,OnTrack,1830.0,6035.0,-140.0
2024-03-01 16:39:28.116,0 days 00:52:52.443000,,,0 days 00:00:49.266000,10339.77502272,155.44999296,3,97.82499776,False,8,pos,2767.7178375584926,0.5132677336044945,OnTrack,1816.0,5908.0,-140.0
2024-03-01 16:39:28.126,0 days 00:52:52.453000,,,0 days 00:00:49.276000,10338.0,156.0,3,98.0,False,8,car,2768.172499999999,0.5133520498443007,OnTrack,1815.5981886674188,5904.1944595883315,-139.97241964505372
2024-03-01 16:39:28.286,0 days 00:52:52.613000,,,0 days 00:00:49.436000,10618.0,166.0,4,99.0,False,8,car,2775.550277777777,0.5147202439671446,OnTrack,1808.8899565976562,5839.661452569862,-139.2737399326417
2024-03-01 16:39:28.375,0 days 00:52:52.702000,,,0 days 00:00:49.525000,10998.4747264,168.781248,4,99.0,False,8,pos,2779.731125236588,0.5154955737607421,OnTrack,1805.0,5800.0,-139.0
2024-03-01 16:39:28.446,0 days 00:52:52.773000,,,0 days 00:00:49.596000,11302.0,171.0,4,99.0,False,14,car,2783.150277777777,0.5161296487563392,OnTrack,1801.837355765487,5766.178575290455,-138.9431357408377
2024-03-01 16:39:28.555,0 days 00:52:52.882000,,,0 days 00:00:49.705000,11463.55347657143,176.4499968,4,99.0,False,14,pos,2788.6087735858155,0.5171419158791876,OnTrack,1797.0,5713.0,-139.0
2024-03-01 16:39:28.726,0 days 00:52:53.053000,,,0 days 00:00:49.876000,11717.0,185.0,4,99.0,False,12,car,2797.539166666666,0.5187980394025482,OnTrack,1789.4969045411594,5628.9535808884875,-139.00064705041098
2024-03-01 16:39:28.736,0 days 00:52:53.063000,,,0 days 00:00:49.886000,11669.500608,185.3749952,4,99.0,False,12,pos,2798.0678437148126,0.5188960815030211,OnTrack,1789.0,5623.0,-139.0
2024-03-01 16:39:28.966,0 days 00:52:53.293000,,,0 days 00:00:50.116000,10577.0,194.0,4,99.0,False,12,car,2810.4724999999994,0.52119650018416,OnTrack,1776.4429348155047,5461.028695755649,-138.9998754680538
2024-03-01 16:39:28.976,0 days 00:52:53.303000,,,0 days 00:00:50.126000,10598.7497216,194.3749952,4,99.0,False,12,pos,2811.0277723328145,0.5212994743269465,OnTrack,1776.0,5455.0,-139.0
2024-03-01 16:39:29.296,0 days 00:52:53.623000,,,0 days 00:00:50.446000,11294.7497216,206.3749952,4,99.0,False,12,pos,2829.5245413505895,0.5247296631214566,OnTrack,1767.0,5319.0,-139.0
2024-03-01 16:39:29.366,0 days 00:52:53.693000,,,0 days 00:00:50.516000,11447.0,209.0,5,99.0,False,12,car,2833.6947222222216,0.52550301481781,OnTrack,1764.7688738457457,5283.889436236004,-138.99990870210982
2024-03-01 16:39:29.596,0 days 00:52:53.923000,,,0 days 00:00:50.746000,11734.49984,217.21428114285715,5,99.0,False,12,pos,2847.6367223966176,0.5280885308463291,OnTrack,1756.0,5141.0,-139.0
2024-03-01 16:39:29.646,0 days 00:52:53.973000,,,0 days 00:00:50.796000,11797.0,219.0,5,99.0,False,12,car,2850.728055555555,0.5286618123935926,OnTrack,1754.0617030209264,5106.090226854463,-139.00000659933164
2024-03-01 16:39:29.756,0 days 00:52:54.083000,,,0 days 00:00:50.906000,11509.90033408,222.84999552,5,99.0,False,12,pos,2857.6122634200137,0.5299384749638529,OnTrack,1750.0,5031.0,-139.0
2024-03-01 16:39:29.846,0 days 00:52:54.173000,,,0 days 00:00:50.996000,11275.0,226.0,5,99.0,False,12,car,2863.2836111111105,0.5309902150424082,OnTrack,1747.1904194245242,4981.515066644458,-138.99999922158335
2024-03-01 16:39:29.916,0 days 00:52:54.243000,,,0 days 00:00:51.066000,11077.95036032,226.69999872,5,99.0,False,12,pos,2867.694477301195,0.5318082013493558,OnTrack,1745.0,4943.0,-139.0
2024-03-01 16:39:30.046,0 days 00:52:54.373000,,,0 days 00:00:51.196000,10712.0,228.0,6,99.0,False,12,car,2875.950277777777,0.5333392230243991,OnTrack,1740.3677933082588,4859.422700731266,-139.00000001562898
2024-03-01 16:39:30.056,0 days 00:52:54.383000,,,0 days 00:00:51.206000,10724.392698514286,228.32142445714285,6,99.0,False,12,pos,2876.5939007116012,0.5334585816093158,OnTrack,1740.0,4853.0,-139.0
2024-03-01 16:39:30.326,0 days 00:52:54.653000,,,0 days 00:00:51.476000,11059.0,237.0,6,99.0,False,12,car,2894.3836111111104,0.5367576477981912,OnTrack,1729.4529592812157,4678.071066287107,-138.9999999973096
2024-03-01 16:39:30.336,0 days 00:52:54.663000,,,0 days 00:00:51.486000,11066.055465244444,237.22221937777778,6,99.0,False,12,pos,2895.0521659968263,0.536881629963687,OnTrack,1729.0,4670.0,-139.0
2024-03-01 16:39:30.616,0 days 00:52:54.943000,,,0 days 00:00:51.766000,11263.6110208,243.4444416,6,99.0,False,12,pos,2914.021968773828,0.5403995419221058,OnTrack,1715.0,4399.0,-139.0
2024-03-01 16:39:30.686,0 days 00:52:55.013000,,,0 days 00:00:51.836000,11313.0,245.0,6,99.0,False,12,car,2918.8836111111104,0.5413011237633579,OnTrack,1711.8462540996109,4334.081561291701,-138.9999999974855
2024-03-01 16:39:30.976,0 days 00:52:55.303000,,,0 days 00:00:52.126000,11732.090976355697,255.90909266001816,6,99.0,False,12,pos,2939.5622607118926,0.5451359379451235,OnTrack,1701.0,4099.0,-139.0
2024-03-01 16:39:31.005,0 days 00:52:55.332000,,,0 days 00:00:52.155000,11774.0,257.0,6,99.0,False,12,car,2941.6566666666663,0.5455243413376466,OnTrack,1700.049674860312,4077.9759980929557,-139.00000000024946
2024-03-01 16:39:31.285,0 days 00:52:55.612000,,,0 days 00:00:52.435000,10541.0,262.0,6,99.0,False,12,car,2962.034444444444,0.5493033594420075,OnTrack,1691.8177155691392,3894.3543632203823,-139.00000000034396
2024-03-01 16:39:31.436,0 days 00:52:55.763000,,,0 days 00:00:52.586000,10687.146490514286,264.1571437714286,6,99.0,False,12,pos,2973.149663435213,0.5513646545576044,OnTrack,1687.0,3793.0,-139.0
2024-03-01 16:39:31.565,0 days 00:52:55.892000,,,0 days 00:00:52.715000,10812.0,266.0,7,99.0,False,12,car,2982.723333333333,0.5531400724792593,OnTrack,1682.333342450535,3699.825296502076,-138.99999999990854
2024-03-01 16:39:31.795,0 days 00:52:56.122000,,,0 days 00:00:52.945000,10887.57147062857,270.1071451428571,7,99.0,False,12,pos,2999.997512768509,0.5563435344825941,OnTrack,1674.0,3538.0,-139.0
2024-03-01 16:39:31.845,0 days 00:52:56.172000,,,0 days 00:00:52.995000,10904.0,271.0,7,99.0,False,12,car,3003.80111111111,0.5570489041826249,OnTrack,1672.4949945616638,3508.3459493513656,-139.0000000000115
2024-03-01 16:39:32.255,0 days 00:52:56.582000,,,0 days 00:00:53.405000,11119.2500672,278.4545477818182,7,99.0,False,12,pos,3035.5690583062756,0.5629402064089073,OnTrack,1661.0,3263.0,-139.0
2024-03-01 16:39:32.285,0 days 00:52:56.612000,,,0 days 00:00:53.435000,11135.0,279.0,7,99.0,False,12,car,3037.9011111111104,0.5633726809341426,OnTrack,1659.7367667926535,3233.968919797923,-138.99999999999923
2024-03-01 16:39:32.445,0 days 00:52:56.772000,,,0 days 00:00:53.595000,11263.0,280.0,7,99.0,False,12,car,3050.3455555555547,0.5656804782497828,OnTrack,1652.2630076957132,3059.698881482899,-138.99999999999977
2024-03-01 16:39:32.476,0 days 00:52:56.803000,,,0 days 00:00:53.626000,11281.651475929115,280.5145234739066,7,99.0,False,12,pos,3052.772450566285,0.5661305410722822,OnTrack,1651.0,3030.0,-139.0
2024-03-01 16:39:32.686,0 days 00:52:57.013000,,,0 days 00:00:53.836000,11408.0,284.0,7,99.0,False,12,car,3069.357777777777,0.5692062568094185,OnTrack,1645.0422494626475,2887.904711289984,-139.00000000000028
2024-03-01 16:39:32.875,0 days 00:52:57.202000,,,0 days 00:00:54.025000,11486.974973257144,286.0249993142857,7,99.0,False,12,pos,3084.393088266381,0.5719945250475325,OnTrack,1640.0,2777.0,-139.0
2024-03-01 16:39:32.966,0 days 00:52:57.293000,,,0 days 00:00:54.116000,11525.0,287.0,7,99.0,False,12,car,3091.6799999999994,0.5733458682443482,OnTrack,1636.590036046064,2707.52333075649,-139.0000000000001
2024-03-01 16:39:33.095,0 days 00:52:57.422000,,,0 days 00:00:54.245000,11598.3687136,289.4187488,7,99.0,False,12,pos,3102.0689233981952,0.5752724732959261,OnTrack,1632.0,2601.0,-139.0
2024-03-01 16:39:33.126,0 days 00:52:57.453000,,,0 days 00:00:54.276000,11616.0,290.0,7,99.0,False,12,car,3104.5688888888885,0.5757360868926898,OnTrack,1631.2290981185197,2576.2090996101874,-138.99999999999983
2024-03-01 16:39:33.135,0 days 00:52:57.462000,,,0 days 00:00:54.285000,11619.787473066666,290.03749973333333,7,99.0,False,12,pos,3105.294667145854,0.5758706810178557,OnTrack,1631.0,2569.0,-139.0
2024-03-01 16:39:33.366,0 days 00:52:57.693000,,,0 days 00:00:54.516000,11717.0,291.0,7,99.0,False,12,car,3123.968888888888,0.5793337780651076,OnTrack,1622.2247134035529,2377.6416940994086,-139.00000000003735
2024-03-01 16:39:33.495,0 days 00:52:57.822000,,,0 days 00:00:54.645000,11273.9658448,293.015624,7,99.0,False,12,pos,3134.526482527689,0.5812916626752255,OnTrack,1617.0,2278.0,-139.0
2024-03-01 16:39:33.655,0 days 00:52:57.982000,,,0 days 00:00:54.805000,10724.4658448,295.515624,7,99.0,False,12,pos,3147.72158719525,0.5837386684268548,OnTrack,1611.0,2158.0,-139.0
2024-03-01 16:39:33.686,0 days 00:52:58.013000,,,0 days 00:00:54.836000,10618.0,296.0,8,99.0,False,12,car,3150.2799999999993,0.5842131209610326,OnTrack,1609.5108814306402,2127.835715039484,-139.0000000001047
2024-03-01 16:39:33.876,0 days 00:52:58.203000,,,0 days 00:00:55.026000,10651.2499776,297.35714194285714,8,99.0,False,12,pos,3165.976142741579,0.5871239392178567,OnTrack,1599.0,1913.0,-139.0
2024-03-01 16:39:33.966,0 days 00:52:58.293000,,,0 days 00:00:55.116000,10667.0,298.0,8,99.0,False,12,car,3173.457777777777,0.5885113934614125,OnTrack,1595.403396923699,1836.9601468307153,-138.99999999741325
2024-03-01 16:39:34.206,0 days 00:52:58.533000,,,0 days 00:00:55.356000,10730.0,302.0,8,99.0,False,12,car,3193.591111111111,0.5922450798327876,OnTrack,1588.9853261201,1699.1125734820566,-138.99999999644123
2024-03-01 16:39:34.235,0 days 00:52:58.562000,,,0 days 00:00:55.385000,10734.954155733334,302.12083306666665,8,99.0,False,12,pos,3196.0290981477056,0.5926971996492838,OnTrack,1588.0,1680.0,-139.0
2024-03-01 16:39:34.416,0 days 00:52:58.743000,,,0 days 00:00:55.566000,10765.874978133334,302.8749994666667,8,99.0,False,12,pos,3211.2592879407925,0.5955216078643784,OnTrack,1580.0,1529.0,-139.0
2024-03-01 16:39:34.446,0 days 00:52:58.773000,,,0 days 00:00:55.596000,10771.0,303.0,8,99.0,False,12,car,3213.7911111111102,0.5959911294040678,OnTrack,1578.236970488835,1493.988423203501,-138.99999997722645
2024-03-01 16:39:34.635,0 days 00:52:58.962000,,,0 days 00:00:55.785000,10851.3249728,304.88999936,8,99.0,False,12,pos,3229.80094986219,0.5989601219580157,OnTrack,1566.0,1242.0,-139.0
2024-03-01 16:39:34.646,0 days 00:52:58.973000,,,0 days 00:00:55.796000,10856.0,305.0,8,99.0,False,12,car,3230.735555555555,0.5991334427133101,OnTrack,1565.4315274689925,1230.1917059833536,-139.00000004624383
2024-03-01 16:39:34.886,0 days 00:52:59.213000,,,0 days 00:00:56.036000,10929.0,307.0,8,99.0,False,12,car,3251.2022222222217,0.6029289450842112,OnTrack,1558.4066985817024,1083.9166884379642,-139.00000236105436
2024-03-01 16:39:35.056,0 days 00:52:59.383000,,,0 days 00:00:56.206000,10966.6428288,308.2142848,8,99.0,False,12,pos,3265.793652376117,0.6056348966026451,OnTrack,1553.0,987.0,-139.0
2024-03-01 16:39:35.166,0 days 00:52:59.493000,,,0 days 00:00:56.316000,10991.0,309.0,8,99.0,False,12,car,3275.235555555555,0.6073858786500415,OnTrack,1547.4590590577425,892.0247451501574,-138.99999897777687
2024-03-01 16:39:35.175,0 days 00:52:59.502000,,,0 days 00:00:56.325000,10988.717873371428,309.0,8,99.0,False,12,pos,3276.007030583559,0.6075289471499378,OnTrack,1547.0,884.0,-139.0
2024-03-01 16:39:35.446,0 days 00:52:59.773000,,,0 days 00:00:56.596000,10920.0,309.0,8,99.0,False,12,car,3299.268888888888,0.6118428122158716,OnTrack,1534.345675296018,650.7629345577509,-139.0000509117402
2024-03-01 16:39:35.496,0 days 00:52:59.823000,,,0 days 00:00:56.646000,10831.0939776,308.6875008,8,90.406272,False,12,pos,3303.6143656847216,0.612648672190527,OnTrack,1532.0,610.0,-139.0
2024-03-01 16:39:35.715,0 days 00:53:00.042000,,,0 days 00:00:56.865000,10441.6844888,307.3187504,8,52.765636,False,12,pos,3322.4880339387373,0.6161487561940636,OnTrack,1522.0,422.0,-139.0
2024-03-01 16:39:35.766,0 days 00:53:00.093000,,,0 days 00:00:56.916000,10351.0,307.0,8,44.0,True,8,car,3326.5577777777767,0.6169034820437397,OnTrack,1520.3018243314275,363.20698646450484,-139.00044320294566
2024-03-01 16:39:35.935,0 days 00:53:00.262000,,,0 days 00:00:57.085000,10238.333376,279.77223253333335,8,24.2833408,True,8,pos,3338.89668592689,0.6191917078646333,OnTrack,1517.0,160.0,-139.0
2024-03-01 16:39:36.126,0 days 00:53:00.453000,,,0 days 00:00:57.276000,10111.0,249.0,8,2.0,True,8,car,3351.457777777777,0.6215211372083378,OnTrack,1518.0578304625053,65.8312180930947,-138.9851917079472
2024-03-01 16:39:36.255,0 days 00:53:00.582000,,,0 days 00:00:57.405000,10066.49502208,233.52000768,8,1.35500032,True,8,pos,3359.6039729151194,0.6230318327925858,OnTrack,1525.0,14.0,-139.0
2024-03-01 16:39:36.326,0 days 00:53:00.653000,,,0 days 00:00:57.476000,10042.0,225.0,8,1.0,True,8,car,3363.9577777777768,0.6238392371905657,OnTrack,1531.8098100912819,-30.331812207046386,-139.02534112548787
2024-03-01 16:39:36.556,0 days 00:53:00.883000,,,0 days 00:00:57.706000,10523.0830656,210.625008,8,0.04166719999999998,True,8,pos,3377.395286113537,0.6263311962173107,OnTrack,1562.0,-205.0,-139.0
2024-03-01 16:39:36.566,0 days 00:53:00.893000,,,0 days 00:00:57.716000,10544.0,210.0,6,0.0,True,8,car,3377.9577777777768,0.6264355091706608,OnTrack,1563.213393001089,-210.95004018682832,-138.98385972316493
2024-03-01 16:39:36.726,0 days 00:53:01.053000,,,0 days 00:00:57.876000,10220.0,198.0,5,0.0,True,8,car,3386.7577777777765,0.6280674515581492,OnTrack,1580.616998265733,-281.18995697275057,-138.52888953665646
2024-03-01 16:39:36.886,0 days 00:53:01.213000,,,0 days 00:00:58.036000,9749.0,193.0,5,1.0,True,8,car,3395.3355555555545,0.629658183279287,OnTrack,1602.5344169906232,-331.0077332264728,-138.04578554709104
2024-03-01 16:39:36.936,0 days 00:53:01.263000,,,0 days 00:00:58.086000,9695.0418048,190.5000064,5,1.4166656,True,8,pos,3397.9228525497488,0.6301379923285878,OnTrack,1613.0,-351.0,-138.0
2024-03-01 16:39:37.096,0 days 00:53:01.423000,,,0 days 00:00:58.246000,9522.375138133333,182.5000064,5,2.7499989333333335,True,8,pos,3405.9216362347083,0.6316213507540237,OnTrack,1656.0,-424.0,-138.0
2024-03-01 16:39:37.126,0 days 00:53:01.453000,,,0 days 00:00:58.276000,9490.0,181.0,5,3.0,True,8,car,3407.402222222221,0.631895922462131,OnTrack,1664.485208217927,-436.1909473668672,-137.91972734460575
2024-03-01 16:39:37.406,0 days 00:53:01.733000,,,0 days 00:00:58.556000,9019.0,175.0,5,23.0,False,8,car,3421.013333333332,0.6344200757761125,OnTrack,1750.2683459910938,-520.3417878138075,-136.0575497706169
2024-03-01 16:39:37.416,0 days 00:53:01.743000,,,0 days 00:00:58.566000,9028.288591495437,174.7907974888415,5,24.58993908480462,False,8,pos,3421.4899768936316,0.6345084683704053,OnTrack,1754.0,-523.0,-136.0
2024-03-01 16:39:37.635,0 days 00:53:01.962000,,,0 days 00:00:58.785000,9231.711408504563,170.2092025111585,5,59.41006091519538,False,8,pos,3431.824421025418,0.6364249703510635,OnTrack,1847.0,-578.0,-135.0
2024-03-01 16:39:37.645,0 days 00:53:01.972000,,,0 days 00:00:58.795000,9241.0,170.0,5,61.0,False,8,car,3432.2994444444435,0.6365130624933997,OnTrack,1851.4321779435095,-580.2094726136525,-134.94566646240722
2024-03-01 16:39:37.796,0 days 00:53:02.123000,,,0 days 00:00:58.946000,9313.983364266667,171.6777784888889,5,66.45278008888889,False,8,pos,3439.544096400889,0.6378565686991183,OnTrack,1919.0,-610.0,-134.0
2024-03-01 16:39:37.956,0 days 00:53:02.283000,,,0 days 00:00:59.106000,9391.3166976,173.45555626666666,5,72.23055786666667,False,8,pos,3447.3175604235053,0.6392981420441326,OnTrack,1992.0,-636.0,-133.0
2024-03-01 16:39:38.005,0 days 00:53:02.332000,,,0 days 00:00:59.155000,9415.0,174.0,5,74.0,False,8,car,3449.6994444444435,0.6397398576686609,OnTrack,2013.3692068037024,-642.7557271655052,-132.6358924341636
2024-03-01 16:39:38.175,0 days 00:53:02.502000,,,0 days 00:00:59.325000,9511.05007232,174.85000064,5,72.29999872,False,8,pos,3457.9639031170277,0.6412724849888242,OnTrack,2095.0,-661.0,-131.0
2024-03-01 16:39:38.205,0 days 00:53:02.532000,,,0 days 00:00:59.355000,9528.0,175.0,5,72.0,False,8,car,3459.4216666666657,0.6415428243215048,OnTrack,2114.1609155696274,-663.1889651290396,-130.62521523701963
2024-03-01 16:39:38.395,0 days 00:53:02.722000,,,0 days 00:00:59.545000,9608.7500544,175.95000064,5,76.7500032,False,8,pos,3468.7014519118193,0.6432637419224543,OnTrack,2250.0,-670.0,-128.0
2024-03-01 16:39:38.405,0 days 00:53:02.732000,,,0 days 00:00:59.555000,9613.0,176.0,5,77.0,False,8,car,3469.1994444444435,0.6433560936409364,OnTrack,2255.7537213058677,-670.0552551470846,-127.88407021782258
2024-03-01 16:39:38.756,0 days 00:53:03.083000,,,0 days 00:00:59.906000,10300.375125333334,184.7750016,5,98.45000391111111,False,8,pos,3487.2381704368963,0.6467013392731379,OnTrack,2382.0,-652.0,-125.0
2024-03-01 16:39:38.765,0 days 00:53:03.092000,,,0 days 00:00:59.915000,10318.0,185.0,5,99.0,False,8,car,3487.6994444444435,0.6467868816146337,OnTrack,2386.045921609702,-650.9514482510674,-124.91053626470557
2024-03-01 16:39:38.965,0 days 00:53:03.292000,,,0 days 00:01:00.115000,10521.0,185.0,5,99.0,False,8,car,3497.9772222222214,0.6486928749333544,OnTrack,2496.007946795613,-620.6836122848489,-122.57196735114564
2024-03-01 16:39:39.016,0 days 00:53:03.343000,,,0 days 00:01:00.166000,10560.78004992,188.31500416,5,99.0,False,8,pos,3500.709633777036,0.6491995951874868,OnTrack,2523.0,-612.0,-122.0
2024-03-01 16:39:39.165,0 days 00:53:03.492000,,,0 days 00:01:00.315000,10677.0,198.0,5,99.0,False,8,car,3508.977222222221,0.6507328029177148,OnTrack,2592.006264748196,-585.3727098492647,-120.51347746526025
2024-03-01 16:39:39.215,0 days 00:53:03.542000,,,0 days 00:01:00.365000,10774.718014631291,199.86722320951512,5,99.0,False,8,pos,3511.811615102783,0.6512584354045996,OnTrack,2615.0,-575.0,-120.0
2024-03-01 16:39:39.406,0 days 00:53:03.733000,,,0 days 00:01:00.556000,11148.0,207.0,5,99.0,False,8,car,3522.834722222221,0.6533026485580128,OnTrack,2709.7463702706777,-526.0046844856794,-117.7242894346683
2024-03-01 16:39:39.455,0 days 00:53:03.782000,,,0 days 00:01:00.605000,11183.72912,207.8166656,5,99.0,False,8,pos,3525.6849029270134,0.6538312088653029,OnTrack,2735.0,-511.0,-117.0
2024-03-01 16:39:39.646,0 days 00:53:03.973000,,,0 days 00:01:00.796000,11323.0,211.0,5,99.0,False,8,car,3536.9013888888876,0.6559112837380132,OnTrack,2831.6635332476253,-446.0788768222841,-113.70069404589769
2024-03-01 16:39:39.695,0 days 00:53:04.022000,,,0 days 00:01:00.845000,11400.7873984,212.531248,5,99.0,False,8,pos,3539.8251289137324,0.6564534854739837,OnTrack,2851.0,-432.0,-113.0
2024-03-01 16:39:39.806,0 days 00:53:04.133000,,,0 days 00:01:00.956000,11577.0,216.0,5,99.0,False,8,car,3546.501388888888,0.6576915845243643,OnTrack,2884.2990379988105,-405.78904429685815,-111.77638492666811
2024-03-01 16:39:39.856,0 days 00:53:04.183000,,,0 days 00:01:01.006000,11639.856981942858,216.5357129142857,5,99.0,False,8,pos,3549.516434617439,0.6582507187203459,OnTrack,2904.0,-388.0,-111.0
2024-03-01 16:39:40.055,0 days 00:53:04.382000,,,0 days 00:01:01.205000,11890.028490971428,218.66785645714285,5,99.0,False,8,pos,3561.6148307881685,0.6604943420762144,OnTrack,3026.0,-269.0,-106.0
2024-03-01 16:39:40.086,0 days 00:53:04.413000,,,0 days 00:01:01.236000,11929.0,219.0,5,99.0,False,8,car,3563.534722222221,0.6608503821001468,OnTrack,3042.2561744719073,-252.47352261948282,-105.3518422517278
2024-03-01 16:39:40.486,0 days 00:53:04.813000,,,0 days 00:01:01.636000,10660.0,230.0,6,99.0,False,8,car,3589.090277777777,0.6655896087304795,OnTrack,3160.001462533235,-97.6087059031351,-99.8424484748375
2024-03-01 16:39:40.515,0 days 00:53:04.842000,,,0 days 00:01:01.665000,10689.28993536,230.43499904,6,99.0,False,8,pos,3590.962441964338,0.665936797831887,OnTrack,3171.0,-79.0,-99.0
2024-03-01 16:39:40.686,0 days 00:53:05.013000,,,0 days 00:01:01.836000,10862.0,233.0,6,99.0,False,8,car,3602.0347222222213,0.6679901300454087,OnTrack,3248.563680110651,56.43371015128563,-92.53379349658142
2024-03-01 16:39:40.736,0 days 00:53:05.063000,,,0 days 00:01:01.886000,10857.0000128,233.9374976,6,99.0,False,8,pos,3605.2981431706885,0.6685953249288202,OnTrack,3267.0,90.0,-91.0
2024-03-01 16:39:40.846,0 days 00:53:05.173000,,,0 days 00:01:01.996000,10846.0,236.0,6,99.0,False,8,car,3612.5236111111103,0.6699352734971628,OnTrack,3293.2617536509797,141.2857905409152,-88.95367342333161
2024-03-01 16:39:40.996,0 days 00:53:05.323000,,,0 days 00:01:02.146000,10977.785601828571,238.14285531428573,6,99.0,False,8,pos,3622.4744685752867,0.6717806400980315,OnTrack,3318.0,199.0,-87.0
2024-03-01 16:39:41.126,0 days 00:53:05.453000,,,0 days 00:01:02.276000,11092.0,240.0,6,99.0,False,8,car,3631.190277777777,0.673396969470623,OnTrack,3353.5835246382635,282.77979163831685,-83.60101200278092
2024-03-01 16:39:41.176,0 days 00:53:05.503000,,,0 days 00:01:02.326000,11121.12492544,240.74999808,6,99.0,False,8,pos,3634.565278421981,0.6740228565852909,OnTrack,3370.0,323.0,-82.0
2024-03-01 16:39:41.435,0 days 00:53:05.762000,,,0 days 00:01:02.585000,11271.99246272,244.63499904,6,99.0,False,8,pos,3652.244124614025,0.677301363228778,OnTrack,3463.0,564.0,-73.0
2024-03-01 16:39:41.526,0 days 00:53:05.853000,,,0 days 00:01:02.676000,11325.0,246.0,6,99.0,False,8,car,3658.52361111111,0.6784658814317613,OnTrack,3485.1350532167976,620.5962531886432,-70.94205933587985
2024-03-01 16:39:41.836,0 days 00:53:06.163000,,,0 days 00:01:02.986000,11490.568113454545,250.22727098181818,6,99.0,False,8,pos,3680.1592645319106,0.6824781700565813,OnTrack,3535.0,729.0,-67.0
2024-03-01 16:39:41.966,0 days 00:53:06.293000,,,0 days 00:01:03.116000,11560.0,252.0,6,99.0,False,8,car,3689.3236111111096,0.6841776797879708,OnTrack,3570.921825168258,797.7666706515839,-64.33500120212119
2024-03-01 16:39:42.096,0 days 00:53:06.423000,,,0 days 00:01:03.246000,11593.3124672,253.6249984,6,99.0,False,8,pos,3698.5343208501176,0.685885787474555,OnTrack,3624.0,887.0,-61.0
2024-03-01 16:39:42.286,0 days 00:53:06.613000,,,0 days 00:01:03.436000,11642.0,256.0,6,99.0,False,8,car,3712.079166666665,0.6883976520222843,OnTrack,3736.415483210604,1048.011314469594,-55.36092305725658
2024-03-01 16:39:42.336,0 days 00:53:06.663000,,,0 days 00:01:03.486000,11397.0006272,256.49999872,6,99.0,False,8,pos,3715.6598644769265,0.6890616852647107,OnTrack,3763.0,1084.0,-54.0
2024-03-01 16:39:42.486,0 days 00:53:06.813000,,,0 days 00:01:03.636000,10662.0,258.0,6,99.0,False,8,car,3726.4124999999985,0.6910557400019056,OnTrack,3822.3427079598287,1159.7648553474808,-50.58317537121904
2024-03-01 16:39:42.646,0 days 00:53:06.973000,,,0 days 00:01:03.796000,10392.0,257.0,7,99.0,False,8,car,3737.8347222222205,0.6931739682523326,OnTrack,3868.700348754821,1207.2360108831115,-47.5273554816504
2024-03-01 16:39:42.716,0 days 00:53:07.043000,,,0 days 00:01:03.866000,10424.24994102857,257.7499986285714,7,99.0,False,8,pos,3742.8615418687978,0.694106181895004,OnTrack,3896.0,1232.0,-46.0
2024-03-01 16:39:42.926,0 days 00:53:07.253000,,,0 days 00:01:04.076000,10521.0,260.0,7,99.0,False,8,car,3758.0569444444423,0.6969241388902478,OnTrack,4003.7917520026226,1321.600482175371,-40.73651524667733
2024-03-01 16:39:42.996,0 days 00:53:07.323000,,,0 days 00:01:04.146000,10524.4999936,260.4999990857143,7,99.0,False,8,pos,3763.1390454930965,0.697866604358293,OnTrack,4042.0,1350.0,-39.0
2024-03-01 16:39:43.196,0 days 00:53:07.523000,,,0 days 00:01:04.346000,10534.4999936,261.9285705142857,7,99.0,False,8,pos,3777.7042466466132,0.7005676917611021,OnTrack,4166.0,1425.0,-34.0
2024-03-01 16:39:43.206,0 days 00:53:07.533000,,,0 days 00:01:04.356000,10535.0,262.0,7,99.0,False,8,car,3778.43472222222,0.7007031569946086,OnTrack,4175.024780706821,1429.509683354552,-33.69109967310242
2024-03-01 16:39:43.376,0 days 00:53:07.703000,,,0 days 00:01:04.526000,10589.39995904,262.84999936,7,99.0,False,8,pos,3790.8861585232967,0.7030122509360676,OnTrack,4353.0,1511.0,-28.0
2024-03-01 16:39:43.606,0 days 00:53:07.933000,,,0 days 00:01:04.756000,10663.0,264.0,7,99.0,False,8,car,3807.768055555554,0.7061429649529036,OnTrack,4462.805784817518,1552.4967378698182,-24.20072511462612
2024-03-01 16:39:43.696,0 days 00:53:08.023000,,,0 days 00:01:04.846000,10682.34997248,264.0,7,99.0,False,8,pos,3814.3593477857703,0.7073653069050415,OnTrack,4506.0,1564.0,-23.0
2024-03-01 16:39:43.806,0 days 00:53:08.133000,,,0 days 00:01:04.956000,10706.0,264.0,7,99.0,False,8,car,3822.434722222221,0.7088628689320511,OnTrack,4581.252258140419,1583.4867503847086,-21.226141811367647
2024-03-01 16:39:43.875,0 days 00:53:08.202000,,,0 days 00:01:05.025000,10723.824983466666,264.8624992,7,99.0,False,8,pos,3827.5316896433555,0.7098080913391189,OnTrack,4633.0,1595.0,-20.0
2024-03-01 16:39:44.046,0 days 00:53:08.373000,,,0 days 00:01:05.196000,10768.0,267.0,7,99.0,False,8,car,3840.2347222222206,0.7121638433067435,OnTrack,4757.514618284974,1612.3733511100866,-16.748823184377912
2024-03-01 16:39:44.155,0 days 00:53:08.482000,,,0 days 00:01:05.305000,10779.841225007007,267.3036211540258,7,99.0,False,8,pos,3848.3422493843527,0.7136673679923795,OnTrack,4837.0,1616.0,-15.0
2024-03-01 16:39:44.336,0 days 00:53:08.663000,,,0 days 00:01:05.486000,10799.50418121672,267.80779951837746,7,99.0,False,8,pos,3861.8177001549184,0.7161663633677204,OnTrack,4970.0,1611.0,-13.0
2024-03-01 16:39:44.405,0 days 00:53:08.732000,,,0 days 00:01:05.555000,10807.0,268.0,7,99.0,False,8,car,3866.960277777777,0.7171200440954127,OnTrack,5017.155751803601,1606.4907297972652,-12.185315154914093
2024-03-01 16:39:44.496,0 days 00:53:08.823000,,,0 days 00:01:05.646000,10824.188900977777,268.25277795555553,7,99.0,False,8,pos,3873.7473978038233,0.7183787019203532,OnTrack,5088.0,1594.0,-11.0
2024-03-01 16:39:44.716,0 days 00:53:09.043000,,,0 days 00:01:05.866000,10865.744456533334,268.8638890666667,7,99.0,False,8,pos,3890.187952012702,0.7214275697939067,OnTrack,5333.0,1521.0,-8.0
2024-03-01 16:39:44.765,0 days 00:53:09.092000,,,0 days 00:01:05.915000,10875.0,269.0,7,99.0,False,8,car,3893.860277777777,0.7221085952571672,OnTrack,5373.917257238325,1506.6899763802883,-7.511571263215894
2024-03-01 16:39:45.005,0 days 00:53:09.332000,,,0 days 00:01:06.155000,10987.0,271.0,7,99.0,False,8,car,3911.926944444443,0.7254590224314805,OnTrack,5479.730253530101,1457.5204929638385,-6.231769835799409
2024-03-01 16:39:45.075,0 days 00:53:09.402000,,,0 days 00:01:06.225000,11005.72503424,271.70000128,7,99.0,False,8,pos,3917.238587644504,0.7264440560320936,OnTrack,5509.0,1442.0,-6.0
2024-03-01 16:39:45.395,0 days 00:53:09.722000,,,0 days 00:01:06.545000,11091.32503424,274.90000128,7,99.0,False,8,pos,3941.716356607144,0.7309834092958756,OnTrack,5730.0,1331.0,-5.0
2024-03-01 16:39:45.405,0 days 00:53:09.732000,,,0 days 00:01:06.555000,11094.0,275.0,7,99.0,False,8,car,3942.482499999999,0.7311254890547044,OnTrack,5741.685005070137,1325.3138120182,-4.948976664254648
2024-03-01 16:39:45.576,0 days 00:53:09.903000,,,0 days 00:01:06.726000,11120.50500992,275.85500032,7,98.14499968,False,8,pos,3955.589114924582,0.733556084560604,OnTrack,5958.0,1221.0,-4.0
2024-03-01 16:39:45.605,0 days 00:53:09.932000,,,0 days 00:01:06.755000,11125.0,276.0,7,98.0,False,8,car,3957.8158333333317,0.7339690250329038,OnTrack,5982.892398296432,1209.12988628678,-3.900835123885353
2024-03-01 16:39:45.846,0 days 00:53:10.173000,,,0 days 00:01:06.996000,11348.0,272.0,7,11.0,True,8,car,3976.0247222222206,0.7373458270336817,OnTrack,6056.927199029295,1174.9271725614412,-3.932894722529986
2024-03-01 16:39:45.875,0 days 00:53:10.202000,,,0 days 00:01:07.025000,11271.875168,267.6500096,7,9.7312528,True,8,pos,3978.0732489474008,0.7377257222149005,OnTrack,6067.0,1170.0,-4.0
2024-03-01 16:39:46.006,0 days 00:53:10.333000,,,0 days 00:01:07.156000,10928.0,248.0,7,4.0,True,8,car,3987.0469444444434,0.7393898760846773,OnTrack,6134.116691529978,1136.3293507579422,-4.429528208950146
2024-03-01 16:39:46.166,0 days 00:53:10.493000,,,0 days 00:01:07.316000,10023.0,248.0,7,3.0,True,8,car,3998.0691666666653,0.741433925135673,OnTrack,6241.067570900771,1080.0261848801229,-4.9596639939107385
2024-03-01 16:39:46.215,0 days 00:53:10.542000,,,0 days 00:01:07.365000,10085.781168,241.5687584,7,3.4083328,True,8,pos,4001.1543969204918,0.7420060749113981,OnTrack,6269.0,1064.0,-5.0
2024-03-01 16:39:46.315,0 days 00:53:10.642000,,,0 days 00:01:07.465000,10213.906168,228.4437584,7,4.241666133333333,True,8,pos,4006.8924545038194,0.7430701862059529,OnTrack,6319.0,1033.0,-5.0
2024-03-01 16:39:46.615,0 days 00:53:10.942000,,,0 days 00:01:07.765000,10598.281168,189.0687584,7,6.741666133333333,True,8,pos,4021.2754705184084,0.7457374877393772,OnTrack,6450.0,935.0,-7.0
2024-03-01 16:39:46.646,0 days 00:53:10.973000,,,0 days 00:01:07.796000,10638.0,185.0,6,7.0,True,8,car,4022.7358333333323,0.7460083091006027,OnTrack,6461.563073741526,924.5774693915945,-7.05122383678763
2024-03-01 16:39:46.795,0 days 00:53:11.122000,,,0 days 00:01:07.945000,10349.312624,177.0843784,6,7.4656248,True,8,pos,4029.772602209782,0.7473132638051979,OnTrack,6512.0,874.0,-7.0
2024-03-01 16:39:46.956,0 days 00:53:11.283000,,,0 days 00:01:08.106000,10037.375248,168.5312568,6,7.9687496,True,8,pos,4037.2197874042254,0.7486943293945488,OnTrack,6559.0,818.0,-8.0
2024-03-01 16:39:46.966,0 days 00:53:11.293000,,,0 days 00:01:08.116000,10018.0,168.0,4,8.0,True,8,car,4037.669166666665,0.7487776658793709,OnTrack,6561.601157536354,814.387668591956,-8.075184054069545
2024-03-01 16:39:47.206,0 days 00:53:11.533000,,,0 days 00:01:08.356000,9893.0,156.0,4,11.0,False,8,car,4048.069166666665,0.7507063250645845,OnTrack,6612.228350957542,722.5947514332898,-9.791604516781932
2024-03-01 16:39:47.295,0 days 00:53:11.622000,,,0 days 00:01:08.445000,9741.064394971429,154.41071542857142,4,15.4499968,False,8,pos,4051.8317795001517,0.7514040940839793,OnTrack,6626.0,688.0,-10.0
2024-03-01 16:39:47.355,0 days 00:53:11.682000,,,0 days 00:01:08.505000,9638.635823542858,153.33928685714287,4,18.4499968,False,8,pos,4054.348804426205,0.7518708713188874,OnTrack,6634.0,664.0,-10.0
2024-03-01 16:39:47.486,0 days 00:53:11.813000,,,0 days 00:01:08.636000,9415.0,151.0,4,25.0,False,8,car,4059.8136111111094,0.7528843087812199,OnTrack,6650.442130571075,590.4900785292209,-10.900982575193627
2024-03-01 16:39:47.646,0 days 00:53:11.973000,,,0 days 00:01:08.796000,9349.0,149.0,4,29.0,False,8,car,4066.435833333332,0.7541123866384715,OnTrack,6664.590065921382,486.1407546934977,-12.901217958314987
2024-03-01 16:39:47.655,0 days 00:53:11.982000,,,0 days 00:01:08.805000,9351.674980977778,148.92500053333333,4,29.4499968,False,8,pos,4066.805352476132,0.7541809132239401,OnTrack,6665.0,481.0,-13.0
2024-03-01 16:39:48.006,0 days 00:53:12.333000,,,0 days 00:01:09.156000,9456.0,146.0,4,47.0,False,8,car,4081.035833333332,0.7568199274177135,OnTrack,6655.499245293576,337.4962261123079,-15.810977536705158
2024-03-01 16:39:48.036,0 days 00:53:12.363000,,,0 days 00:01:09.186000,9443.70005248,146.14999936,4,47.89999616,False,8,pos,4082.2554502290013,0.7570461029300476,OnTrack,6654.0,329.0,-16.0
2024-03-01 16:39:48.206,0 days 00:53:12.533000,,,0 days 00:01:09.356000,9374.0,147.0,4,53.0,False,8,car,4089.202499999998,0.7583344194061024,OnTrack,6645.949394901314,289.93421959805806,-16.98485688896902
2024-03-01 16:39:48.396,0 days 00:53:12.723000,,,0 days 00:01:09.546000,9506.9999104,148.35714194285714,4,62.499993599999996,False,8,pos,4097.045600653478,0.7597889067249378,OnTrack,6629.0,243.0,-18.0
2024-03-01 16:39:48.486,0 days 00:53:12.813000,,,0 days 00:01:09.636000,9570.0,149.0,4,67.0,False,8,car,4100.791388888887,0.7604835556562923,OnTrack,6614.433010760205,210.77671025056566,-18.48521968774721
2024-03-01 16:39:48.576,0 days 00:53:12.903000,,,0 days 00:01:09.726000,9698.2498176,150.1249984,4,71.12499413333333,False,8,pos,4104.557375918222,0.7611819504135541,OnTrack,6597.0,176.0,-19.0
2024-03-01 16:39:48.726,0 days 00:53:13.053000,,,0 days 00:01:09.876000,9912.0,152.0,4,78.0,False,8,car,4110.924722222221,0.7623627620418852,OnTrack,6564.565755297548,121.0079222447038,-19.982941938069793
2024-03-01 16:39:48.916,0 days 00:53:13.243000,,,0 days 00:01:10.066000,10136.041515733334,157.54166293333333,4,81.16666453333333,False,8,pos,4119.273196157514,0.7639109698243677,OnTrack,6515.0,55.0,-22.0
2024-03-01 16:39:48.966,0 days 00:53:13.293000,,,0 days 00:01:10.116000,10195.0,159.0,4,82.0,False,8,car,4121.524722222221,0.7643285108268144,OnTrack,6499.834438876147,37.92792310800318,-22.797906228255965
2024-03-01 16:39:49.116,0 days 00:53:13.443000,,,0 days 00:01:10.266000,10633.124626133333,163.99999573333332,4,86.99999573333334,False,8,pos,4128.417674580949,0.7656067950460357,OnTrack,6453.0,-10.0,-25.0
2024-03-01 16:39:49.206,0 days 00:53:13.533000,,,0 days 00:01:10.356000,10896.0,167.0,4,90.0,False,8,car,4132.658055555554,0.7663931652109853,OnTrack,6429.081589463412,-33.09054565035893,-25.068280020391107
2024-03-01 16:39:49.335,0 days 00:53:13.662000,,,0 days 00:01:10.485000,11166.8998656,172.15999744,4,95.80499712,False,8,pos,4138.87803188728,0.7675466473729078,OnTrack,6376.0,-80.0,-27.0
2024-03-01 16:39:49.356,0 days 00:53:13.683000,,,0 days 00:01:10.506000,11210.9997312,172.99999488,4,96.74999424,False,8,pos,4139.907708679918,0.7677375988732851,OnTrack,6362.0,-92.0,-28.0
2024-03-01 16:39:49.406,0 days 00:53:13.733000,,,0 days 00:01:10.556000,11316.0,175.0,4,99.0,False,8,car,4142.380277777776,0.7681961318638294,OnTrack,6333.8423209134835,-115.5844395597738,-29.714693465525954
2024-03-01 16:39:49.595,0 days 00:53:13.922000,,,0 days 00:01:10.745000,11688.487373866667,182.0874976,4,99.0,False,8,pos,4151.9890053337585,0.7699780511579696,OnTrack,6274.0,-158.0,-30.0
2024-03-01 16:39:49.646,0 days 00:53:13.973000,,,0 days 00:01:10.796000,11789.0,184.0,4,99.0,False,8,car,4154.646944444444,0.7704709606463891,OnTrack,6255.0067388249645,-170.30057309417487,-30.290072853427727
2024-03-01 16:39:49.855,0 days 00:53:14.182000,,,0 days 00:01:11.005000,11050.3158512,190.531248,4,99.0,False,8,pos,4165.810598795025,0.7725412380025235,OnTrack,6159.0,-230.0,-33.0
2024-03-01 16:39:49.966,0 days 00:53:14.293000,,,0 days 00:01:11.116000,10658.0,194.0,4,99.0,False,8,car,4171.891388888888,0.7736689083552049,OnTrack,6105.083066474071,-260.79325361835197,-34.21427827932313
2024-03-01 16:39:50.056,0 days 00:53:14.383000,,,0 days 00:01:11.206000,10810.09978368,197.59999488,4,99.0,False,8,pos,4176.890332508828,0.774595952444528,OnTrack,6063.0,-284.0,-35.0
2024-03-01 16:39:50.166,0 days 00:53:14.493000,,,0 days 00:01:11.316000,10996.0,202.0,5,99.0,False,8,car,4183.113611111111,0.7757500470059162,OnTrack,6015.991857690524,-309.4750743262247,-35.73171922357777
2024-03-01 16:39:50.336,0 days 00:53:14.663000,,,0 days 00:01:11.486000,11209.1069824,208.071424,5,99.0,False,8,pos,4193.050066631821,0.7775927427951936,OnTrack,5920.0,-360.0,-37.0
2024-03-01 16:39:50.446,0 days 00:53:14.773000,,,0 days 00:01:11.596000,11347.0,212.0,5,99.0,False,8,car,4199.6025,0.7788078784491396,OnTrack,5815.9995723418315,-414.10990117286065,-38.430017256740214
2024-03-01 16:39:50.496,0 days 00:53:14.823000,,,0 days 00:01:11.646000,11447.6247424,213.562496,5,99.0,False,8,pos,4202.597106222903,0.7793632221797069,OnTrack,5772.0,-437.0,-39.0
2024-03-01 16:39:50.606,0 days 00:53:14.933000,,,0 days 00:01:11.756000,11669.0,217.0,5,99.0,False,8,car,4209.246944444444,0.7805964213687606,OnTrack,5701.385204418552,-473.8530899897721,-39.75749505608748
2024-03-01 16:39:50.886,0 days 00:53:15.213000,,,0 days 00:01:12.036000,11168.0,225.0,5,99.0,False,8,car,4226.746944444444,0.7838417613438797,OnTrack,5621.069095160928,-516.1142994610433,-39.83885462822138
2024-03-01 16:39:50.936,0 days 00:53:15.263000,,,0 days 00:01:12.086000,11022.020333366352,226.25627940304344,5,99.0,False,8,pos,4229.917912068629,0.7844298109433415,OnTrack,5600.0,-527.0,-40.0
2024-03-01 16:39:51.085,0 days 00:53:15.412000,,,0 days 00:01:12.235000,10587.0,230.0,5,99.0,False,8,car,4239.460833333333,0.78619952659247,OnTrack,5518.183088854435,-569.077995245985,-40.832324260482416
2024-03-01 16:39:51.116,0 days 00:53:15.443000,,,0 days 00:01:12.266000,10614.20663511579,230.61184336842106,5,99.0,False,8,pos,4241.475887473966,0.7865732143498775,OnTrack,5499.0,-579.0,-41.0
2024-03-01 16:39:51.845,0 days 00:53:16.172000,,,0 days 00:01:12.995000,11254.0,245.0,6,99.0,False,8,car,4291.183055555555,0.7957913091855998,OnTrack,4985.969041961745,-851.1314507386743,-41.2468160569119
2024-03-01 16:39:51.935,0 days 00:53:16.262000,,,0 days 00:01:13.085000,11353.0001408,247.2500032,6,99.0,False,8,pos,4297.407530025566,0.7969456255182645,OnTrack,4945.0,-873.0,-41.0
2024-03-01 16:39:52.005,0 days 00:53:16.332000,,,0 days 00:01:13.155000,11430.0,249.0,6,99.0,False,8,car,4302.249722222222,0.7978436003698656,OnTrack,4918.975977359931,-886.879171000912,-40.78301115480911
2024-03-01 16:39:52.205,0 days 00:53:16.532000,,,0 days 00:01:13.355000,11593.0,250.0,6,99.0,False,8,car,4316.138611111111,0.8004192670167855,OnTrack,4852.8961065312815,-922.2538701111587,-40.13203390963136
2024-03-01 16:39:52.275,0 days 00:53:16.602000,,,0 days 00:01:13.425000,11644.565895357111,251.74377423912935,6,99.0,False,8,pos,4321.07560103926,0.8013348219179617,OnTrack,4809.0,-946.0,-40.0
2024-03-01 16:39:52.486,0 days 00:53:16.813000,,,0 days 00:01:13.636000,11800.0,257.0,6,99.0,False,8,car,4336.198888888888,0.8041394053815977,OnTrack,4613.077252491764,-1052.4206877937431,-39.973408033114566
2024-03-01 16:39:52.515,0 days 00:53:16.842000,,,0 days 00:01:13.665000,11704.15521152,257.43499904,6,99.0,False,8,pos,4338.296046117247,0.8045283189923007,OnTrack,4590.0,-1065.0,-40.0
2024-03-01 16:39:52.886,0 days 00:53:17.213000,,,0 days 00:01:14.036000,10478.0,263.0,7,99.0,False,8,car,4365.421111111111,0.8095586080067172,OnTrack,4433.2957544961055,-1151.547240220731,-40.87801629848928
2024-03-01 16:39:52.916,0 days 00:53:17.243000,,,0 days 00:01:14.066000,10508.4284416,263.3214272,7,99.0,False,8,pos,4367.6280652324385,0.8099678832314714,OnTrack,4418.0,-1160.0,-41.0
2024-03-01 16:39:53.115,0 days 00:53:17.442000,,,0 days 00:01:14.265000,10710.271363657143,265.45357074285715,7,99.0,False,8,pos,4382.318166184892,0.8126921330520163,OnTrack,4289.0,-1231.0,-42.0
2024-03-01 16:39:53.166,0 days 00:53:17.493000,,,0 days 00:01:14.316000,10762.0,266.0,7,99.0,False,8,car,4386.11,0.813395321043969,OnTrack,4254.974739829756,-1249.6680068007884,-42.2972969592068
2024-03-01 16:39:53.355,0 days 00:53:17.682000,,,0 days 00:01:14.505000,10831.824976355556,268.6249991111111,7,99.0,False,8,pos,4400.277247394996,0.8160226087187341,OnTrack,4133.0,-1317.0,-44.0
2024-03-01 16:39:53.415,0 days 00:53:17.742000,,,0 days 00:01:14.565000,10853.991643022222,269.45833244444447,7,99.0,False,8,pos,4404.806739589082,0.8168625939807029,OnTrack,4094.0,-1339.0,-45.0
2024-03-01 16:39:53.526,0 days 00:53:17.853000,,,0 days 00:01:14.676000,10895.0,271.0,7,99.0,False,8,car,4413.21,0.8184209618054392,OnTrack,3998.789838147636,-1392.335461937451,-47.10112310979744
2024-03-01 16:39:53.736,0 days 00:53:18.063000,,,0 days 00:01:14.886000,10999.522663563637,272.90908974545454,7,99.0,False,8,pos,4429.192192821863,0.8213848274771451,OnTrack,3791.0,-1508.0,-51.0
2024-03-01 16:39:53.966,0 days 00:53:18.293000,,,0 days 00:01:15.116000,11114.0,275.0,7,99.0,False,8,car,4446.821111111111,0.8246540750909854,OnTrack,3667.098614586109,-1576.9313548696855,-53.24263868970277
2024-03-01 16:39:54.206,0 days 00:53:18.533000,,,0 days 00:01:15.356000,11187.0,278.0,7,99.0,False,8,car,4465.354444444444,0.8280910446646352,OnTrack,3568.164208844786,-1632.1148854300927,-55.83940572473832
2024-03-01 16:39:54.215,0 days 00:53:18.542000,,,0 days 00:01:15.365000,11189.3931648,278.0613632,7,99.0,False,8,pos,4466.052297230736,0.8282204600671553,OnTrack,3563.0,-1635.0,-56.0
2024-03-01 16:39:54.435,0 days 00:53:18.762000,,,0 days 00:01:15.585000,11247.8931648,279.5613632,7,99.0,False,8,pos,4483.176261322154,0.8313960649356341,OnTrack,3414.0,-1718.0,-61.0
2024-03-01 16:39:54.556,0 days 00:53:18.883000,,,0 days 00:01:15.706000,11280.068147781818,280.3863627636364,7,99.0,False,8,pos,4492.641408998866,0.8331513576285278,OnTrack,3332.0,-1763.0,-64.0
2024-03-01 16:39:54.646,0 days 00:53:18.973000,,,0 days 00:01:15.796000,11304.0,281.0,7,99.0,False,8,car,4499.69888888889,0.834460153149139,OnTrack,3265.7905165333495,-1799.6641760131417,-66.59903916535374
2024-03-01 16:39:54.796,0 days 00:53:19.123000,,,0 days 00:01:15.946000,11353.999957333333,282.24999893333336,7,99.0,False,8,pos,4511.494074809387,0.836647546770953,OnTrack,3154.0,-1862.0,-71.0
2024-03-01 16:39:55.006,0 days 00:53:19.333000,,,0 days 00:01:16.156000,11424.0,284.0,7,99.0,False,8,car,4528.09888888889,0.8397268763087606,OnTrack,3021.8218245765556,-1935.7279044118034,-75.74831845737233
2024-03-01 16:39:55.015,0 days 00:53:19.342000,,,0 days 00:01:16.165000,11426.249984,284.1124992,7,99.0,False,8,pos,4528.813668739155,0.8398594308014162,OnTrack,3016.0,-1939.0,-76.0
2024-03-01 16:39:55.196,0 days 00:53:19.523000,,,0 days 00:01:16.346000,11471.499968,286.3749984,7,99.0,False,8,pos,4543.238448387886,0.8425344773172054,OnTrack,2892.0,-2009.0,-82.0
2024-03-01 16:39:55.246,0 days 00:53:19.573000,,,0 days 00:01:16.396000,11484.0,287.0,7,99.0,False,8,car,4547.232222222223,0.8432751146815575,OnTrack,2856.9876292088147,-2028.648475310713,-83.53067206210677
2024-03-01 16:39:55.446,0 days 00:53:19.773000,,,0 days 00:01:16.596000,11537.0,288.0,7,99.0,False,8,car,4563.232222222223,0.8462422826588092,OnTrack,2715.769822818113,-2107.1921783299786,-88.7234285435796
2024-03-01 16:39:55.496,0 days 00:53:19.823000,,,0 days 00:01:16.646000,11546.49997568,288.24999936,7,99.0,False,8,pos,4567.240911292153,0.84698568602375,OnTrack,2680.0,-2127.0,-90.0
2024-03-01 16:39:55.575,0 days 00:53:19.902000,,,0 days 00:01:16.725000,11561.50998784,288.64499968,7,99.0,False,8,pos,4573.58224728199,0.8481616740913775,OnTrack,2624.0,-2158.0,-92.0
2024-03-01 16:39:55.646,0 days 00:53:19.973000,,,0 days 00:01:16.796000,11575.0,289.0,7,99.0,False,8,car,4579.2877777777785,0.8492197533026487,OnTrack,2578.8148593493593,-2183.1744914495534,-93.50303686086536
2024-03-01 16:39:55.896,0 days 00:53:20.223000,,,0 days 00:01:17.046000,11649.9999616,289.7812496,7,99.0,False,8,pos,4599.419963038673,0.8529532267662877,OnTrack,2399.0,-2284.0,-98.0
2024-03-01 16:39:55.966,0 days 00:53:20.293000,,,0 days 00:01:17.116000,11671.0,290.0,7,99.0,False,8,car,4605.065555555556,0.8540001905993319,OnTrack,2309.7187563842836,-2333.612541362572,-99.94669661533847
2024-03-01 16:39:56.076,0 days 00:53:20.403000,,,0 days 00:01:17.226000,11669.9687512,290.3437496,7,99.0,False,8,pos,4613.943162502866,0.8556465250398746,OnTrack,2172.0,-2410.0,-103.0
2024-03-01 16:39:56.286,0 days 00:53:20.613000,,,0 days 00:01:17.436000,11668.0,291.0,7,99.0,False,8,car,4630.932222222224,0.8587971121625556,OnTrack,2096.9601966336304,-2451.6584874627465,-105.48107829156574
2024-03-01 16:39:56.356,0 days 00:53:20.683000,,,0 days 00:01:17.506000,11688.222185244444,291.3888881777778,7,99.0,False,8,pos,4636.61621882428,0.8598511979563322,OnTrack,2073.0,-2465.0,-106.0
2024-03-01 16:39:56.596,0 days 00:53:20.923000,,,0 days 00:01:17.746000,11757.555518577778,292.7222215111111,7,99.0,False,8,pos,4656.161733215442,0.8634758744813554,OnTrack,1903.0,-2560.0,-108.0
2024-03-01 16:39:56.646,0 days 00:53:20.973000,,,0 days 00:01:17.796000,11772.0,293.0,7,99.0,False,8,car,4660.232222222224,0.8642307385208979,OnTrack,1865.6448631288015,-2581.1666341305972,-108.4125645114777
2024-03-01 16:39:56.896,0 days 00:53:21.223000,,,0 days 00:01:18.046000,11783.607136914286,293.0,7,99.0,False,8,pos,4680.57459976495,0.8680031917225193,OnTrack,1691.0,-2681.0,-110.0
2024-03-01 16:39:56.926,0 days 00:53:21.253000,,,0 days 00:01:18.076000,11785.0,293.0,7,99.0,False,8,car,4683.021111111111,0.8684568923551638,OnTrack,1670.3727316215636,-2692.634647611834,-110.06028762665228
2024-03-01 16:39:57.096,0 days 00:53:21.423000,,,0 days 00:01:18.246000,11799.44998912,293.84999936,7,99.0,False,8,pos,4696.919778007953,0.8710343723140886,OnTrack,1549.0,-2761.0,-110.0
2024-03-01 16:39:57.256,0 days 00:53:21.583000,,,0 days 00:01:18.406000,11813.04998912,294.64999936,7,99.0,False,8,pos,4710.046987025879,0.873468786953381,OnTrack,1421.0,-2835.0,-110.0
2024-03-01 16:39:57.326,0 days 00:53:21.653000,,,0 days 00:01:18.476000,11819.0,295.0,7,99.0,False,8,car,4715.798888888889,0.8745354656418948,OnTrack,1375.6088306835272,-2860.9840764474866,-110.06644092772174
2024-03-01 16:39:57.416,0 days 00:53:21.743000,,,0 days 00:01:18.566000,11830.8124832,295.2812496,7,99.0,False,8,pos,4723.2018045097475,0.8759083215274265,OnTrack,1321.0,-2892.0,-110.0
2024-03-01 16:39:57.576,0 days 00:53:21.903000,,,0 days 00:01:18.726000,11851.8124832,295.7812496,7,99.0,False,8,pos,4736.368133966817,0.8783499909738617,OnTrack,1207.0,-2957.0,-109.0
2024-03-01 16:39:57.646,0 days 00:53:21.973000,,,0 days 00:01:18.796000,11861.0,296.0,7,99.0,False,8,car,4742.1100000000015,0.8794148085378201,OnTrack,1157.2321183103038,-2985.4230581823736,-108.67963308011312
2024-03-01 16:39:57.805,0 days 00:53:22.132000,,,0 days 00:01:18.955000,11841.0,295.0,7,99.0,False,8,car,4755.139166666668,0.8818310414192955,OnTrack,1048.2094114097322,-3047.7370493554604,-108.39676970358693
2024-03-01 16:39:57.915,0 days 00:53:22.242000,,,0 days 00:01:19.065000,11815.0713984,294.6071424,7,98.6071424,False,8,pos,4764.26313997025,0.8835230640075261,OnTrack,974.0,-3090.0,-108.0
2024-03-01 16:39:58.085,0 days 00:53:22.412000,,,0 days 00:01:19.235000,11775.0,294.0,7,98.0,False,8,car,4778.0058333333345,0.8860716189867844,OnTrack,853.4434659482298,-3158.2418393173507,-107.02482888768927
2024-03-01 16:39:58.095,0 days 00:53:22.422000,,,0 days 00:01:19.245000,11744.166272,292.8958192,7,95.9583072,False,8,pos,4778.771074656796,0.8862135314586498,OnTrack,845.0,-3163.0,-107.0
2024-03-01 16:39:58.395,0 days 00:53:22.722000,,,0 days 00:01:19.545000,10819.166272,259.7708192,7,34.7083072,False,8,pos,4799.5030770875155,0.8900582398159456,OnTrack,556.0,-3325.0,-108.0
2024-03-01 16:39:58.565,0 days 00:53:22.892000,,,0 days 00:01:19.715000,10295.0,241.0,7,0.0,True,8,car,4810.139166666668,0.8920306813410982,OnTrack,488.7859433938767,-3361.9562344611118,-107.96544142799682
2024-03-01 16:39:58.735,0 days 00:53:23.062000,,,0 days 00:01:19.885000,10589.10022144,217.19998208,7,0.0,True,8,pos,4820.283753371888,0.8939119746419848,OnTrack,447.0,-3383.0,-108.0
2024-03-01 16:39:58.765,0 days 00:53:23.092000,,,0 days 00:01:19.915000,10641.0,213.0,6,0.0,True,8,car,4821.972500000002,0.8942251493242741,OnTrack,435.10744879321766,-3388.957737221052,-108.1076490894025
2024-03-01 16:39:58.916,0 days 00:53:23.243000,,,0 days 00:01:20.066000,10098.34352,191.2937408,6,0.9437504,True,8,pos,4829.95896435737,0.8957062231550643,OnTrack,359.0,-3425.0,-109.0
2024-03-01 16:39:58.925,0 days 00:53:23.252000,,,0 days 00:01:20.075000,10066.0,190.0,6,1.0,True,8,car,4830.416944444446,0.8957911546456013,OnTrack,354.026079285977,-3427.065052395504,-109.06083981114602
2024-03-01 16:39:59.166,0 days 00:53:23.493000,,,0 days 00:01:20.316000,10454.0,174.0,6,0.0,True,8,car,4842.06527777778,0.8979513147490402,OnTrack,213.5196773127073,-3473.3739994114994,-110.74870110972854
2024-03-01 16:39:59.215,0 days 00:53:23.542000,,,0 days 00:01:20.365000,10292.0960448,170.1208384,6,0.4083328,True,8,pos,4844.265375400207,0.8983593184497961,OnTrack,188.0,-3480.0,-111.0
2024-03-01 16:39:59.406,0 days 00:53:23.733000,,,0 days 00:01:20.556000,9661.0,155.0,4,2.0,True,8,car,4852.398611111113,0.8998676107343485,OnTrack,106.26577100078491,-3495.720241796614,-111.50802895085354
2024-03-01 16:39:59.595,0 days 00:53:23.922000,,,0 days 00:01:20.745000,9264.1001344,147.44000256,4,4.83499904,True,8,pos,4860.127286950841,0.9013008782004861,OnTrack,38.0,-3500.0,-112.0
2024-03-01 16:39:59.606,0 days 00:53:23.933000,,,0 days 00:01:20.756000,9241.0,147.0,4,5.0,True,8,car,4860.56527777778,0.9013821027227374,OnTrack,33.9529330186257,-3500.041928070004,-112.05037431300497
2024-03-01 16:39:59.966,0 days 00:53:24.293000,,,0 days 00:01:21.116000,8502.0,137.0,4,5.0,False,8,car,4874.265277777779,0.9039227403032593,OnTrack,-97.35155836892139,-3488.2575140620734,-114.74272347812543
2024-03-01 16:39:59.996,0 days 00:53:24.323000,,,0 days 00:01:21.146000,8495.416694755555,136.75000106666667,4,8.749984,False,8,pos,4875.383988062078,0.9041302028864713,OnTrack,-107.0,-3486.0,-115.0
2024-03-01 16:40:00.326,0 days 00:53:24.653000,,,0 days 00:01:21.476000,8423.0,134.0,4,50.0,False,8,car,4887.665277777779,0.9064077434842075,OnTrack,-197.09713684249758,-3446.223808080171,-117.91522838873806
2024-03-01 16:40:00.435,0 days 00:53:24.762000,,,0 days 00:01:21.585000,8591.9499008,134.9083328,4,54.9958304,False,8,pos,4891.765485513502,0.9071681188025524,OnTrack,-227.0,-3424.0,-119.0
2024-03-01 16:40:00.536,0 days 00:53:24.863000,,,0 days 00:01:21.686000,8748.4998016,135.74999893333333,4,59.62499413333333,False,8,pos,4895.5908065209305,0.9078775169272992,OnTrack,-256.0,-3399.0,-120.0
2024-03-01 16:40:00.566,0 days 00:53:24.893000,,,0 days 00:01:21.716000,8795.0,136.0,4,61.0,False,8,car,4896.731944444446,0.9080891386713168,OnTrack,-264.32860146641207,-3391.2028046688497,-120.20922967680004
2024-03-01 16:40:00.755,0 days 00:53:25.082000,,,0 days 00:01:21.905000,9077.55490432,137.88999936,4,59.11000064,False,8,pos,4903.974080162284,0.9094321782456216,OnTrack,-315.0,-3336.0,-121.0
2024-03-01 16:40:00.766,0 days 00:53:25.093000,,,0 days 00:01:21.916000,9094.0,138.0,4,59.0,False,8,car,4904.398611111113,0.9095109066604166,OnTrack,-318.1282490183936,-3332.1166808021303,-121.08316299077444
2024-03-01 16:40:00.966,0 days 00:53:25.293000,,,0 days 00:01:22.116000,9379.0,141.0,4,72.0,False,8,car,4912.231944444446,0.9109635826492793,OnTrack,-377.4620750634991,-3251.1280291560533,-123.44050299496267
2024-03-01 16:40:01.015,0 days 00:53:25.342000,,,0 days 00:01:22.165000,9557.4414336,142.8374976,4,74.6541632,False,8,pos,4914.22168745516,0.9113325765083015,OnTrack,-390.0,-3233.0,-124.0
2024-03-01 16:40:01.206,0 days 00:53:25.533000,,,0 days 00:01:22.356000,10253.0,150.0,4,85.0,False,8,car,4922.231944444446,0.9128180626350617,OnTrack,-426.1956238288477,-3177.7725546137513,-125.6125487391881
2024-03-01 16:40:01.406,0 days 00:53:25.733000,,,0 days 00:01:22.556000,10622.0,156.0,4,92.0,False,8,car,4930.898611111113,0.9144252786227397,OnTrack,-458.08473959624473,-3112.5060048617706,-126.92603450995514
2024-03-01 16:40:01.416,0 days 00:53:25.743000,,,0 days 00:01:22.566000,10631.64987648,156.44999424,4,92.34999552,False,8,pos,4931.345525849368,0.9145081580664842,OnTrack,-460.0,-3108.0,-127.0
2024-03-01 16:40:01.606,0 days 00:53:25.933000,,,0 days 00:01:22.756000,10815.0,165.0,4,99.0,False,8,car,4940.06527777778,0.916125218609707,OnTrack,-499.78483914913187,-3006.8894995982714,-128.55190899432947
2024-03-01 16:40:01.656,0 days 00:53:25.983000,,,0 days 00:01:22.806000,10884.6873216,166.2499968,4,99.0,False,8,pos,4942.389670238485,0.9165562725394553,OnTrack,-508.0,-2985.0,-129.0
2024-03-01 16:40:01.766,0 days 00:53:26.093000,,,0 days 00:01:22.916000,11038.0,169.0,4,99.0,False,8,car,4947.5763888888905,0.9175181391323611,OnTrack,-519.9921619075793,-2951.7806655775544,-130.03853334832502
2024-03-01 16:40:01.926,0 days 00:53:26.253000,,,0 days 00:01:23.076000,11425.0,178.0,4,99.0,False,8,car,4955.487500000001,0.9189852388544466,OnTrack,-530.1816019226827,-2913.3879489384512,-131.6765480842648
2024-03-01 16:40:01.956,0 days 00:53:26.283000,,,0 days 00:01:23.106000,11388.437656,179.0312456,4,99.0,False,8,pos,4957.012781646283,0.9192680992830176,OnTrack,-533.0,-2901.0,-132.0
2024-03-01 16:40:02.136,0 days 00:53:26.463000,,,0 days 00:01:23.286000,11169.062656,185.2187456,4,99.0,False,8,pos,4966.414957280505,0.9210117139366651,OnTrack,-554.0,-2801.0,-134.0
2024-03-01 16:40:02.246,0 days 00:53:26.573000,,,0 days 00:01:23.396000,11035.0,189.0,4,99.0,False,8,car,4972.287500000001,0.922100765230561,OnTrack,-562.8564253951955,-2749.105387111155,-135.15129941855358
2024-03-01 16:40:02.395,0 days 00:53:26.722000,,,0 days 00:01:23.545000,10755.62512,194.21499776,4,99.0,False,8,pos,4980.353745324477,0.923596634282026,OnTrack,-570.0,-2674.0,-137.0
2024-03-01 16:40:02.446,0 days 00:53:26.773000,,,0 days 00:01:23.596000,10660.0,196.0,5,99.0,False,8,car,4983.17638888889,0.9241200878817462,OnTrack,-571.8918023659587,-2638.5649173579786,-137.84738652900614
2024-03-01 16:40:02.606,0 days 00:53:26.933000,,,0 days 00:01:23.756000,10970.0,204.0,5,99.0,False,8,car,4992.243055555557,0.9258014830688555,OnTrack,-576.0451360593745,-2505.408505035658,-140.9626113649447
2024-03-01 16:40:02.676,0 days 00:53:27.003000,,,0 days 00:01:23.826000,11089.4372816,204.8749984,5,99.0,False,8,pos,4996.226728236866,0.926540247194595,OnTrack,-577.0,-2459.0,-142.0
2024-03-01 16:40:02.766,0 days 00:53:27.093000,,,0 days 00:01:23.916000,11243.0,206.0,5,99.0,False,8,car,5001.398611111112,0.927499362522505,OnTrack,-577.45267017381,-2416.7741479261795,-142.87608248229606
2024-03-01 16:40:02.976,0 days 00:53:27.303000,,,0 days 00:01:24.126000,11467.999862857143,213.49999542857142,5,99.0,False,8,pos,5013.949171779443,0.9298268388794815,OnTrack,-575.0,-2341.0,-144.0
2024-03-01 16:40:03.046,0 days 00:53:27.373000,,,0 days 00:01:24.196000,11543.0,216.0,5,99.0,False,8,car,5018.198611111112,0.9306148888986192,OnTrack,-573.0308881868468,-2295.6845704531793,-144.63664445651202
2024-03-01 16:40:03.326,0 days 00:53:27.653000,,,0 days 00:01:24.476000,10660.0,221.0,5,99.0,False,8,car,5035.387500000001,0.9338025339408473,OnTrack,-562.3035183257657,-2066.8428317088647,-147.910211614319
2024-03-01 16:40:03.336,0 days 00:53:27.663000,,,0 days 00:01:24.486000,10659.928572342857,221.35713828571429,5,99.0,False,8,pos,5036.01546971239,0.9339189896671777,OnTrack,-562.0,-2061.0,-148.0
2024-03-01 16:40:03.606,0 days 00:53:27.933000,,,0 days 00:01:24.756000,10658.0,231.0,6,99.0,False,8,car,5053.354166666668,0.9371344163153029,OnTrack,-555.1975035987633,-1952.618880080481,-149.75769712772833
2024-03-01 16:40:03.636,0 days 00:53:27.963000,,,0 days 00:01:24.786000,10676.3749216,231.62499733333334,6,99.0,False,8,pos,5055.307013171189,0.9374965677910968,OnTrack,-554.0,-1934.0,-150.0
2024-03-01 16:40:03.846,0 days 00:53:28.173000,,,0 days 00:01:24.996000,10805.0,236.0,6,99.0,False,8,car,5069.087500000001,0.9400521314929337,OnTrack,-542.0588591620066,-1741.4591829750125,-152.22242124403522
2024-03-01 16:40:03.936,0 days 00:53:28.263000,,,0 days 00:01:25.086000,10922.374833066666,237.49999786666666,6,99.0,False,8,pos,5075.058529494441,0.9411594469621295,OnTrack,-538.0,-1673.0,-153.0
2024-03-01 16:40:04.086,0 days 00:53:28.413000,,,0 days 00:01:25.236000,11118.0,240.0,6,99.0,False,8,car,5085.0875000000015,0.9430192994701856,OnTrack,-534.9479670299114,-1614.65996091995,-153.69940742657758
2024-03-01 16:40:04.176,0 days 00:53:28.503000,,,0 days 00:01:25.326000,11181.64276662857,241.28571245714286,6,99.0,False,8,pos,5091.141438104903,0.9441419901752562,OnTrack,-533.0,-1579.0,-154.0
2024-03-01 16:40:04.366,0 days 00:53:28.693000,,,0 days 00:01:25.516000,11316.0,244.0,6,99.0,False,8,car,5104.06527777778,0.9465386903765369,OnTrack,-525.1285766054707,-1450.9752862253686,-154.75937850583523
2024-03-01 16:40:04.416,0 days 00:53:28.743000,,,0 days 00:01:25.566000,11354.702860882633,245.46443257393747,6,99.0,False,8,pos,5107.517752911017,0.947178944980137,OnTrack,-523.0,-1416.0,-155.0
2024-03-01 16:40:04.605,0 days 00:53:28.932000,,,0 days 00:01:25.755000,11501.0,251.0,6,99.0,False,8,car,5120.72888888889,0.9496289237061784,OnTrack,-516.2922384467164,-1299.6539697737878,-156.08641507579017
2024-03-01 16:40:04.755,0 days 00:53:29.082000,,,0 days 00:01:25.905000,11606.0000896,252.8750016,6,99.0,False,8,pos,5131.306648088433,0.9515905479791759,OnTrack,-510.0,-1181.0,-157.0
2024-03-01 16:40:04.845,0 days 00:53:29.172000,,,0 days 00:01:25.995000,11669.0,254.0,6,99.0,False,8,car,5137.662222222224,0.9527691764821032,OnTrack,-504.9452482029353,-1083.139846110507,-157.51814947147824
2024-03-01 16:40:04.955,0 days 00:53:29.282000,,,0 days 00:01:26.105000,11216.6244736,254.3437504,6,99.0,False,8,pos,5145.421140323145,0.9542080523150512,OnTrack,-499.0,-968.0,-158.0
2024-03-01 16:40:05.165,0 days 00:53:29.492000,,,0 days 00:01:26.315000,10353.0,255.0,6,99.0,False,8,car,5160.32888888889,0.9569726644498764,OnTrack,-493.42559271195495,-866.5571355179106,-158.07094868117662
2024-03-01 16:40:05.255,0 days 00:53:29.582000,,,0 days 00:01:26.405000,10413.7500864,257.62500373333336,6,99.0,False,8,pos,5166.831301716883,0.9581785238947572,OnTrack,-491.0,-824.0,-158.0
2024-03-01 16:40:05.405,0 days 00:53:29.732000,,,0 days 00:01:26.555000,10515.0,262.0,7,99.0,False,8,car,5177.795555555557,0.9602118228250429,OnTrack,-485.13256304382855,-718.8198323987755,-157.9566059531147
2024-03-01 16:40:05.455,0 days 00:53:29.782000,,,0 days 00:01:26.605000,10541.556063424216,262.82987698200674,7,99.0,False,8,pos,5181.473271478541,0.9608938478822998,OnTrack,-483.0,-680.0,-158.0
2024-03-01 16:40:05.646,0 days 00:53:29.973000,,,0 days 00:01:26.796000,10643.0,266.0,7,99.0,False,8,car,5195.602777777779,0.9635141365463917,OnTrack,-474.88916373749817,-529.2157994532255,-158.5255613823502
2024-03-01 16:40:05.815,0 days 00:53:30.142000,,,0 days 00:01:26.965000,10747.4178176,267.2071424,7,99.0,False,8,pos,5208.156052096549,0.9658421161444111,OnTrack,-468.0,-400.0,-159.0
2024-03-01 16:40:05.926,0 days 00:53:30.253000,,,0 days 00:01:27.076000,10816.0,268.0,7,99.0,False,8,car,5216.447222222222,0.9673796970500889,OnTrack,-463.73200573282656,-320.70514385640644,-159.10317248589567
2024-03-01 16:40:06.175,0 days 00:53:30.502000,,,0 days 00:01:27.325000,10900.886341818183,270.2636357818182,7,99.0,False,8,pos,5235.226081242518,0.9708621988709858,OnTrack,-454.0,-146.0,-159.0
2024-03-01 16:40:06.355,0 days 00:53:30.682000,,,0 days 00:01:27.505000,10962.249978181819,271.89999941818184,7,99.0,False,8,pos,5248.859171418626,0.9733904281585813,OnTrack,-446.0,-7.0,-159.0
2024-03-01 16:40:06.366,0 days 00:53:30.693000,,,0 days 00:01:27.516000,10966.0,272.0,7,99.0,False,8,car,5249.6916666666675,0.9735448127361566,OnTrack,-445.5581037629327,1.393257671670289,-159.00031336916032
2024-03-01 16:40:06.516,0 days 00:53:30.843000,,,0 days 00:01:27.666000,11031.624944,272.9374992,7,99.0,False,8,pos,5261.061486312662,0.9756533230337017,OnTrack,-440.0,114.0,-159.0
2024-03-01 16:40:06.526,0 days 00:53:30.853000,,,0 days 00:01:27.676000,11036.0,273.0,7,99.0,False,14,car,5261.825000000001,0.9757949151189057,OnTrack,-439.610165277148,121.55597719555972,-158.99993989540707
2024-03-01 16:40:06.755,0 days 00:53:31.082000,,,0 days 00:01:27.905000,11206.932095085715,277.9071414857143,7,99.0,False,14,pos,5279.544773862596,0.9790810117169829,OnTrack,-430.0,298.0,-159.0
2024-03-01 16:40:06.806,0 days 00:53:31.133000,,,0 days 00:01:27.956000,11245.0,279.0,7,99.0,False,12,car,5283.525000000001,0.9798191366880533,OnTrack,-428.0289562120447,337.9247685006998,-159.0000252715435
2024-03-01 16:40:06.915,0 days 00:53:31.242000,,,0 days 00:01:28.065000,11290.23497344,280.63499904,7,99.0,False,12,pos,5292.054357734018,0.9814008890089845,OnTrack,-424.0,422.0,-159.0
2024-03-01 16:40:07.006,0 days 00:53:31.333000,,,0 days 00:01:28.156000,11328.0,282.0,7,99.0,False,12,car,5299.1916666666675,0.982724488665779,OnTrack,-420.54619794640126,487.64644255286765,-158.99999137550407
2024-03-01 16:40:07.166,0 days 00:53:31.493000,,,0 days 00:01:28.316000,11443.0,283.0,7,99.0,False,12,car,5311.769444444445,0.9850570123812297,OnTrack,-413.4804186242676,615.8969482585113,-158.9999997046665
2024-03-01 16:40:07.175,0 days 00:53:31.502000,,,0 days 00:01:28.325000,11444.968736,283.1124992,7,99.0,False,12,pos,5312.478860926546,0.9851885722479937,OnTrack,-413.0,625.0,-159.0
2024-03-01 16:40:07.326,0 days 00:53:31.653000,,,0 days 00:01:28.476000,11478.0,285.0,7,99.0,False,12,car,5324.436111111111,0.9874060203632204,OnTrack,-403.700665279183,806.82624787076,-159.00000075926903
2024-03-01 16:40:07.416,0 days 00:53:31.743000,,,0 days 00:01:28.566000,11545.499904,286.87499733333334,7,99.0,False,12,pos,5331.650492966155,0.9887439130392172,OnTrack,-399.0,901.0,-159.0
2024-03-01 16:40:07.566,0 days 00:53:31.893000,,,0 days 00:01:28.716000,11658.0,290.0,7,99.0,False,12,car,5343.769444444444,0.9909913483357329,OnTrack,-394.863841522385,986.9172235883653,-158.99999973142522
2024-03-01 16:40:07.716,0 days 00:53:32.043000,,,0 days 00:01:28.866000,11687.0624752,290.4687496,7,99.0,False,12,pos,5355.888934083418,0.9932388834330699,OnTrack,-392.0,1048.0,-159.0
2024-03-01 16:40:07.886,0 days 00:53:32.213000,,,0 days 00:01:29.036000,11720.0,291.0,7,99.0,False,12,car,5369.636111111112,0.9957882698989566,OnTrack,-386.2419244488845,1164.5318697695122,-159.00000009670234
2024-03-01 16:40:08.015,0 days 00:53:32.342000,,,0 days 00:01:29.165000,11333.000192,291.46071405714287,7,99.0,False,12,interpolation,5380.088776808034,0.9977266958322579,OnTrack,-380.0902335459281,1286.5179258074,-159.0000000226359
