Date,SessionTime,DriverAhead,DistanceToDriverAhead,Time,RPM,Speed,nGear,Throttle,Brake,DRS,Source,RelativeDistance,Status,X,Y,Z,Distance
2024-03-01 16:59:09.798,0 days 01:12:34.125000,,50.65888888888889,0 days 00:00:00,10854.482952533333,297.24166826666664,7,100.0,False,12,interpolation,9.539981928013164e-06,OnTrack,-375.51149016656075,1370.5835207336413,-158.08066894208446,0.0
2024-03-01 16:59:09.837,0 days 01:12:34.164000,,50.65888888888889,0 days 00:00:00.039000,10777.133333333333,297.56666666666666,7,100.0,False,12,pos,0.0006113560850948979,OnTrack,-374.0,1402.0,-158.0,3.223638888888889
2024-03-01 16:59:09.889,0 days 01:12:34.216000,,50.65888888888889,0 days 00:00:00.091000,10674.0,298.0,8,100.0,False,12,car,0.0014158423337477504,OnTrack,-372.1475499902628,1441.7507054726266,-157.95427804831067,7.528083333333333
2024-03-01 16:59:10.016,0 days 01:12:34.343000,,50.65888888888889,0 days 00:00:00.218000,10739.8812832,300.3812512,8,100.0,False,12,pos,0.003389480283324646,OnTrack,-368.0,1535.0,-158.0,18.124866361777777
2024-03-01 16:59:10.049,0 days 01:12:34.376000,81,50.65888888888889,0 days 00:00:00.251000,10757.0,301.0,8,100.0,False,12,car,0.003902965429505399,OnTrack,-366.8478339719326,1560.9087256713294,-157.9926988407508,20.884033028444442
2024-03-01 16:59:10.256,0 days 01:12:34.583000,81,50.31388870364566,0 days 00:00:00.458000,10831.402175180567,301.7366551998076,8,100.0,False,12,pos,0.007125629147405129,OnTrack,-359.0,1736.0,-158.0,38.233890702433385
2024-03-01 16:59:10.330,0 days 01:12:34.657000,81,50.19055555555555,0 days 00:00:00.532000,10858.0,302.0,8,100.0,False,12,car,0.008285487027349785,OnTrack,-356.1544473241536,1798.7341126524248,-158.27302697909835,44.44166848021116
2024-03-01 16:59:10.496,0 days 01:12:34.823000,81,49.683332942222215,0 days 00:00:00.698000,10934.4786304,304.964288,8,100.0,False,12,pos,0.010910103649314051,OnTrack,-350.0,1939.0,-159.0,58.50391064910005
2024-03-01 16:59:10.610,0 days 01:12:34.937000,81,49.334999999999994,0 days 00:00:00.812000,10987.0,307.0,8,100.0,False,12,car,0.012724712552917215,OnTrack,-346.16876500434387,2036.7088531361987,-158.99994949239397,68.22557731576673
2024-03-01 16:59:10.615,0 days 01:12:34.942000,81,49.31416586666666,0 days 00:00:00.817000,10987.861144177778,307.04166826666665,8,100.0,False,12,pos,0.012804445487901366,OnTrack,-346.0,2041.0,-159.0,68.6520240772482
2024-03-01 16:59:10.875,0 days 01:12:35.202000,81,48.23083253333335,0 days 00:00:01.077000,11032.638921955555,309.20833493333333,8,100.0,False,12,pos,0.016965102863683214,OnTrack,-337.0,2264.0,-159.0,90.98373715576672
2024-03-01 16:59:10.970,0 days 01:12:35.297000,81,47.83500000000002,0 days 00:00:01.172000,11049.0,310.0,8,100.0,False,12,car,0.018488062583784187,OnTrack,-333.8929846465537,2345.768282653967,-158.4393120772704,99.16429271132228
2024-03-01 16:59:11.055,0 days 01:12:35.382000,81,47.29194321777779,0 days 00:00:01.257000,11058.916689066667,310.3541674666667,8,100.0,False,12,pos,0.01985075610496647,OnTrack,-331.0,2419.0,-158.0,106.49209944317413
2024-03-01 16:59:11.210,0 days 01:12:35.537000,81,46.30166666666668,0 days 00:00:01.412000,11077.0,311.0,8,100.0,False,12,car,0.022342690238837157,OnTrack,-324.92876530048954,2552.4665995117884,-158.22310365028676,119.88237722095191
2024-03-01 16:59:11.375,0 days 01:12:35.702000,81,44.33083104000001,0 days 00:00:01.577000,11107.2500352,312.83333546666665,8,100.0,False,12,pos,0.025020337509314816,OnTrack,-318.0,2695.0,-159.0,134.22057176317412
2024-03-01 16:59:11.570,0 days 01:12:35.897000,81,42.001666666666665,0 days 00:00:01.772000,11143.0,315.0,8,100.0,False,12,car,0.028198997528266503,OnTrack,-310.0425168766688,2865.0060811960425,-159.1393857947588,151.28307176317412
2024-03-01 16:59:11.595,0 days 01:12:35.922000,81,41.605830293333334,0 days 00:00:01.797000,11143.0,315.0,8,100.0,False,12,pos,0.028605838562186018,OnTrack,-309.0,2887.0,-159.0,153.47057176317412
2024-03-01 16:59:11.715,0 days 01:12:36.042000,81,39.705830293333335,0 days 00:00:01.917000,11143.0,315.0,8,100.0,False,12,pos,0.03055762710177054,OnTrack,-304.0,2992.0,-158.0,163.97057176317412
2024-03-01 16:59:11.730,0 days 01:12:36.057000,81,39.468333333333334,0 days 00:00:01.932000,11143.0,315.0,8,100.0,False,12,car,0.03080180076801288,OnTrack,-303.41830794671216,3004.638841462708,-157.934765059626,165.28307176317412
2024-03-01 16:59:11.970,0 days 01:12:36.297000,81,34.86833333333328,0 days 00:00:02.172000,11225.0,316.0,8,100.0,False,12,car,0.034718399928774096,OnTrack,-294.34531270262335,3216.8359479142,-158.9263402778935,186.3497384298408
2024-03-01 16:59:11.995,0 days 01:12:36.322000,81,34.22943953777773,0 days 00:00:02.197000,11225.50000384,316.12500096,8,100.0,False,12,pos,0.03512754591575928,OnTrack,-293.0,3248.0,-159.0,188.54505093650747
2024-03-01 16:59:12.155,0 days 01:12:36.482000,81,30.140550648888862,0 days 00:00:02.357000,11228.70000384,316.92500096,8,100.0,False,12,pos,0.0377514591183347,OnTrack,-283.0,3477.0,-159.0,202.6306065347297
2024-03-01 16:59:12.370,0 days 01:12:36.697000,81,24.64611111111111,0 days 00:00:02.572000,11233.0,318.0,8,100.0,False,12,car,0.04128737953384828,OnTrack,-276.57414474710316,3633.1702186759762,-159.17232291154824,221.62227320139635
2024-03-01 16:59:12.616,0 days 01:12:36.943000,81,17.47110737777776,0 days 00:00:02.818000,11233.0,318.8785718857143,8,100.0,False,12,pos,0.04533986313232863,OnTrack,-271.0,3795.0,-159.0,243.41230894692018
2024-03-01 16:59:12.650,0 days 01:12:36.977000,81,16.479444444444425,0 days 00:00:02.852000,11233.0,319.0,8,100.0,False,12,car,0.0459001252753988,OnTrack,-269.38764303003364,3839.388835118312,-158.85674364125904,246.42508672469793
2024-03-01 16:59:12.815,0 days 01:12:37.142000,81,11.162771591111053,0 days 00:00:03.017000,11262.3906592,319.0,8,100.0,False,12,pos,0.04861899435617511,OnTrack,-260.0,4096.0,-158.0,261.04592005803124
2024-03-01 16:59:12.970,0 days 01:12:37.297000,81,6.168333333333237,0 days 00:00:03.172000,11290.0,319.0,8,100.0,False,12,car,0.051171834694313696,OnTrack,-253.0370589066122,4290.137240365801,-157.73181962274901,274.78064228025346
2024-03-01 16:59:13.210,0 days 01:12:37.537000,44,520.6908333333332,0 days 00:00:03.412000,11318.0,319.0,8,100.0,False,12,car,0.055125616758499855,OnTrack,-246.4556899995556,4474.421793352636,-157.98920745475195,296.0473089469201
2024-03-01 16:59:13.236,0 days 01:12:37.563000,44,519.6002724088887,0 days 00:00:03.438000,11319.083338666667,319.21666773333334,8,100.0,False,12,pos,0.05555564205763364,OnTrack,-246.0,4486.0,-158.0,298.35276265832755
2024-03-01 16:59:13.450,0 days 01:12:37.777000,44,510.62416666666644,0 days 00:00:03.652000,11328.0,321.0,8,100.0,False,12,car,0.05910418742496932,OnTrack,-243.43591685276894,4544.5204192973815,-157.9880918394965,317.4344293249942
2024-03-01 16:59:13.476,0 days 01:12:37.803000,44,509.64193960888866,0 days 00:00:03.678000,11330.6000128,320.9071424,8,100.0,False,12,pos,0.05953456853422866,OnTrack,-243.0,4557.0,-158.0,319.7520920201053
2024-03-01 16:59:13.730,0 days 01:12:38.057000,44,500.0463888888887,0 days 00:00:03.932000,11356.0,320.0,8,100.0,False,12,car,0.06373139318451843,OnTrack,-235.94913154629603,4778.7689044285835,-158.09197603403047,342.3298697978831
2024-03-01 16:59:13.756,0 days 01:12:38.083000,44,499.09305086222207,0 days 00:00:03.958000,11353.7249888,320.10833386666667,8,100.0,False,12,pos,0.0641617389152624,OnTrack,-235.0,4806.0,-158.0,344.64176332025346
2024-03-01 16:59:13.916,0 days 01:12:38.243000,44,493.2263841955554,0 days 00:00:04.118000,11339.7249888,320.77500053333335,8,100.0,False,12,pos,0.06681434121432664,OnTrack,-229.0,4967.0,-157.0,358.8984300106238
2024-03-01 16:59:13.970,0 days 01:12:38.297000,44,491.24638888888876,0 days 00:00:04.172000,11335.0,321.0,8,100.0,False,12,car,0.06770996385098789,OnTrack,-227.61371393716965,5004.468209577778,-156.69500485337971,363.71343001062377
2024-03-01 16:59:14.116,0 days 01:12:38.443000,44,486.50138542064326,0 days 00:00:04.318000,11354.62188222369,321.0,8,100.0,False,12,pos,0.07013097280569731,OnTrack,-225.0,5085.0,-156.0,376.7317633439571
2024-03-01 16:59:14.276,0 days 01:12:38.603000,44,481.30138617872973,0 days 00:00:04.478000,11376.125295945287,321.0,8,100.0,False,12,pos,0.07278330594546602,OnTrack,-221.0,5227.0,-155.0,390.9984300106238
2024-03-01 16:59:14.409,0 days 01:12:38.736000,44,476.9788888888888,0 days 00:00:04.611000,11394.0,321.0,8,100.0,False,12,car,0.0749874326950716,OnTrack,-216.79269053499135,5347.1342147038995,-153.4086789139065,402.8575966772905
2024-03-01 16:59:14.556,0 days 01:12:38.883000,44,472.4463869155554,0 days 00:00:04.758000,11397.062501333334,321.0,8,100.0,False,12,pos,0.07742305382459524,OnTrack,-212.0,5477.0,-152.0,415.9650966772905
2024-03-01 16:59:14.649,0 days 01:12:38.976000,44,469.57888888888874,0 days 00:00:04.851000,11399.0,321.0,8,100.0,False,12,car,0.07896600336154107,OnTrack,-209.324888921307,5559.984788141948,-152.0110157462448,424.2575966772905
2024-03-01 16:59:14.696,0 days 01:12:39.023000,44,468.2602759822221,0 days 00:00:04.898000,11393.460706742857,321.16785737142857,8,100.0,False,12,pos,0.07974686743072051,OnTrack,-208.0,5602.0,-152.0,428.4506214818619
2024-03-01 16:59:14.929,0 days 01:12:39.256000,44,461.72333333333313,0 days 00:00:05.131000,11366.0,322.0,8,100.0,False,12,car,0.08362212915708737,OnTrack,-201.21559873774584,5809.950037061803,-150.15220694186976,449.2911770374175
2024-03-01 16:59:15.036,0 days 01:12:39.363000,44,458.9591650133331,0 days 00:00:05.238000,11380.3781336,321.6656248,8,100.0,False,12,pos,0.08539679448177234,OnTrack,-198.0,5905.0,-149.0,458.8517942189731
2024-03-01 16:59:15.236,0 days 01:12:39.563000,44,453.7924983466665,0 days 00:00:05.438000,11407.2531336,321.0406248,8,100.0,False,12,pos,0.08871101955854589,OnTrack,-192.0,6084.0,-147.0,476.6873844856397
2024-03-01 16:59:15.249,0 days 01:12:39.576000,44,453.4566666666665,0 days 00:00:05.451000,11409.0,321.0,8,100.0,False,12,car,0.08892689004571332,OnTrack,-191.63668531847517,6096.090020324461,-146.8635406082082,477.84655115230635
2024-03-01 16:59:15.409,0 days 01:12:39.736000,44,449.36777777777763,0 days 00:00:05.611000,11323.0,322.0,8,100.0,False,12,car,0.09158753335745407,OnTrack,-187.52444607505817,6250.486799135661,-145.0814328284568,492.1576622634175
2024-03-01 16:59:15.516,0 days 01:12:39.843000,44,446.8711096177776,0 days 00:00:05.718000,11313.064279771428,322.0,8,100.0,False,12,pos,0.09336696750096889,OnTrack,-185.0,6352.0,-144.0,501.72821781897306
2024-03-01 16:59:15.689,0 days 01:12:40.016000,44,442.8344444444442,0 days 00:00:05.891000,11297.0,322.0,8,100.0,False,12,car,0.09624365915300036,OnTrack,-181.1414763021559,6504.928420625305,-142.67602803613283,517.202106707862
2024-03-01 16:59:15.916,0 days 01:12:40.243000,44,437.8530541511109,0 days 00:00:06.118000,11325.375008,322.0,8,100.0,False,12,pos,0.10002022192510565,OnTrack,-176.0,6699.0,-141.0,537.5059955967508
2024-03-01 16:59:16.089,0 days 01:12:40.416000,44,434.0566666666664,0 days 00:00:06.291000,11347.0,322.0,8,100.0,False,12,car,0.10289526743235222,OnTrack,-171.6606492633611,6854.738844827302,-139.22368685065865,552.9798844856397
2024-03-01 16:59:16.117,0 days 01:12:40.444000,44,433.5044444444442,0 days 00:00:06.319000,11344.783333333333,321.8833333333333,8,100.0,False,12,pos,0.10336003582986841,OnTrack,-171.0,6880.0,-139.0,555.4834215226766
2024-03-01 16:59:16.329,0 days 01:12:40.656000,44,429.3233333333329,0 days 00:00:06.531000,11328.0,321.0,8,100.0,False,12,car,0.10687383809882167,OnTrack,-166.19193990819934,7069.744174549016,-138.03247386374622,574.3867548560099
2024-03-01 16:59:16.336,0 days 01:12:40.663000,44,429.2027766755551,0 days 00:00:06.538000,11328.729173333333,320.79583146666664,8,97.08330666666667,False,12,pos,0.10698969854376195,OnTrack,-166.0,7076.0,-138.0,575.0105245283063
2024-03-01 16:59:16.496,0 days 01:12:40.823000,44,426.44722111999965,0 days 00:00:06.698000,11345.39584,316.1291648,8,30.41664,False,12,pos,0.1096236125794219,OnTrack,-161.0,7218.0,-137.0,589.0607096305285
2024-03-01 16:59:16.569,0 days 01:12:40.896000,44,425.1899999999997,0 days 00:00:06.771000,11353.0,314.0,8,0.0,True,8,car,0.1107656486572996,OnTrack,-158.7882490156698,7280.3869036057295,-136.28555564340655,595.4279318527507
2024-03-01 16:59:16.696,0 days 01:12:41.023000,44,425.0841665945704,0 days 00:00:06.898000,10778.157503141496,296.0581595227762,8,0.0,True,8,pos,0.11261833958907505,OnTrack,-155.0,7387.0,-135.0,605.8722058136931
2024-03-01 16:59:16.917,0 days 01:12:41.244000,44,424.89999994858704,0 days 00:00:07.119000,9777.84182601074,264.8365563809961,8,0.0,True,8,pos,0.11550757728227372,OnTrack,-148.0,7566.0,-134.0,622.130227747082
2024-03-01 16:59:16.930,0 days 01:12:41.257000,44,424.8891666666665,0 days 00:00:07.132000,9719.0,263.0,8,0.0,True,8,car,0.11566878254601469,OnTrack,-147.64924994647834,7574.514378762708,-133.93543246231548,623.0799499693043
2024-03-01 16:59:17.076,0 days 01:12:41.403000,44,426.3491679466665,0 days 00:00:07.278000,9385.0247072,232.8874736,8,0.0,True,8,pos,0.11741037693689138,OnTrack,-144.0,7658.0,-133.0,632.524830843082
2024-03-01 16:59:17.090,0 days 01:12:41.417000,44,426.4891666666665,0 days 00:00:07.292000,9353.0,230.0,8,0.0,True,8,car,0.11756924205440093,OnTrack,-143.60000849884665,7666.4574685504995,-132.89040893004022,633.4192752875265
2024-03-01 16:59:17.290,0 days 01:12:41.617000,44,429.93361111111096,0 days 00:00:07.492000,10097.0,204.0,8,0.0,True,8,car,0.11967627324848135,OnTrack,-137.08417645181754,7794.714275882811,-131.19731713533494,644.7526086208599
2024-03-01 16:59:17.335,0 days 01:12:41.662000,44,431.0836160177776,0 days 00:00:07.537000,10129.85014016,198.374976,8,0.0,True,8,pos,0.12011311075638822,OnTrack,-136.0,7815.0,-131.0,647.2322958208598
2024-03-01 16:59:17.490,0 days 01:12:41.817000,44,435.04472222222194,0 days 00:00:07.692000,10243.0,179.0,8,0.0,True,8,car,0.12152508983544405,OnTrack,-133.8039635181186,7852.240194268842,-131.01052840197897,654.9392402653043
2024-03-01 16:59:17.536,0 days 01:12:41.863000,44,436.5269485688886,0 days 00:00:07.738000,10220.958272,174.9749888,8,0.0,True,8,pos,0.12192043224040716,OnTrack,-133.0,7864.0,-131.0,657.1750317888599
2024-03-01 16:59:17.730,0 days 01:12:42.057000,44,442.7780555555553,0 days 00:00:07.932000,10128.0,158.0,7,0.0,True,8,car,0.12348338941582465,OnTrack,-127.07266609056006,7943.936266648641,-130.325407803509,665.6894762333043
2024-03-01 16:59:17.796,0 days 01:12:42.123000,44,445.32639383111086,0 days 00:00:07.998000,9840.428013714285,153.5214198857143,7,0.0,True,8,pos,0.12398475090167838,OnTrack,-124.0,7976.0,-130.0,668.5040355978757
2024-03-01 16:59:18.010,0 days 01:12:42.337000,44,453.5891666666664,0 days 00:00:08.212000,8908.0,139.0,4,0.0,True,8,car,0.1254933319176288,OnTrack,-111.33060784807307,8076.754362596148,-129.01701217410098,676.7668133756534
2024-03-01 16:59:18.016,0 days 01:12:42.343000,44,453.86083912888864,0 days 00:00:08.218000,8882.37945344,138.36998656,4,0.0,True,8,pos,0.12553244114294498,OnTrack,-111.0,8079.0,-129.0,676.9974300199201
2024-03-01 16:59:18.210,0 days 01:12:42.537000,44,462.64472222222196,0 days 00:00:08.412000,8054.0,118.0,3,0.0,True,8,car,0.12671210486322432,OnTrack,-101.92370431805088,8128.714251482466,-128.86906843546734,683.356318908809
2024-03-01 16:59:18.336,0 days 01:12:42.663000,44,469.0147286933331,0 days 00:00:08.538000,7580.23951872,112.95999488,3,0.0,True,8,pos,0.1274206503052153,OnTrack,-93.0,8156.0,-129.0,687.3099187296091
2024-03-01 16:59:18.556,0 days 01:12:42.883000,44,480.1369509155554,0 days 00:00:08.758000,6753.03951872,104.15999488,3,0.0,True,8,pos,0.12855981493939855,OnTrack,-68.0,8214.0,-129.0,693.6752517500535
2024-03-01 16:59:18.610,0 days 01:12:42.937000,44,482.86694444444436,0 days 00:00:08.812000,6550.0,102.0,3,0.0,True,8,car,0.12881913605730472,OnTrack,-62.276460157569645,8225.226250348504,-128.69725003126536,695.2052517500534
2024-03-01 16:59:18.715,0 days 01:12:43.042000,44,488.9044554844443,0 days 00:00:08.917000,6287.49952,97.01249088,3,0.0,True,8,pos,0.12930027474556546,OnTrack,-51.0,8244.0,-128.0,698.0347827340535
2024-03-01 16:59:18.975,0 days 01:12:43.302000,44,503.85445548444426,0 days 00:00:09.177000,5637.49952,84.66249088,3,0.0,True,8,pos,0.13039092285754797,OnTrack,-12.0,8290.0,-128.0,704.1492959642757
2024-03-01 16:59:19.010,0 days 01:12:43.337000,44,505.86694444444424,0 days 00:00:09.212000,5550.0,83.0,3,0.0,True,8,car,0.13053368104856622,OnTrack,-6.434834170842625,8295.335796931604,-127.976032765416,704.9562404087201
2024-03-01 16:59:19.156,0 days 01:12:43.483000,44,514.4647297599998,0 days 00:00:09.358000,5419.5123856,78.437496,3,0.0,True,8,pos,0.13112231643175606,OnTrack,18.0,8315.0,-128.0,708.1373166353868
2024-03-01 16:59:19.170,0 days 01:12:43.497000,44,515.2891666666665,0 days 00:00:09.372000,5407.0,78.0,3,0.0,True,8,car,0.131178184707932,OnTrack,20.642502222506504,8316.727784266266,-128.07269195327612,708.4406499687201
2024-03-01 16:59:19.370,0 days 01:12:43.697000,44,527.2891666666665,0 days 00:00:09.572000,5325.0,76.0,3,1.0,False,8,car,0.1319631571135698,OnTrack,61.85211836622622,8337.553717095814,-129.96422793483586,712.6628721909423
2024-03-01 16:59:19.376,0 days 01:12:43.703000,44,527.6558411555553,0 days 00:00:09.578000,5318.7373664,75.8874976,3,1.0375008,False,8,pos,0.13198618328054382,OnTrack,63.0,8338.0,-130.0,712.7893513536089
2024-03-01 16:59:19.530,0 days 01:12:43.857000,44,537.0669444444442,0 days 00:00:09.732000,5158.0,73.0,3,2.0,False,8,car,0.1325663464357967,OnTrack,89.36803487848273,8345.410712771576,-130.1525461634061,715.9121291313867
2024-03-01 16:59:19.615,0 days 01:12:43.942000,44,542.3794564444441,0 days 00:00:09.817000,5132.92494336,72.14999808,3,2.0,False,8,pos,0.13287939435385443,OnTrack,104.0,8347.0,-130.0,717.61567075272
2024-03-01 16:59:19.730,0 days 01:12:44.057000,44,549.5669444444441,0 days 00:00:09.932000,5099.0,71.0,3,2.0,False,8,car,0.133299675920011,OnTrack,125.93299767526521,8346.967568608965,-129.8329625185386,719.8837263082755
2024-03-01 16:59:19.855,0 days 01:12:44.182000,44,557.4141787199997,0 days 00:00:10.057000,5263.062752,71.3906256,3,8.2500096,False,8,pos,0.13375956467132175,OnTrack,151.0,8344.0,-130.0,722.3625674749422
2024-03-01 16:59:20.016,0 days 01:12:44.343000,44,567.521396924444,0 days 00:00:10.218000,5474.375168,71.8937504,3,16.3000064,False,8,pos,0.1343604522767897,OnTrack,182.0,8336.0,-131.0,725.57781575672
2024-03-01 16:59:20.050,0 days 01:12:44.377000,44,569.6558333333329,0 days 00:00:10.252000,5519.0,72.0,3,18.0,False,8,car,0.13448952882960932,OnTrack,187.9749700122236,8334.01940634245,-131.16141369209527,726.2578157567201
2024-03-01 16:59:20.250,0 days 01:12:44.577000,44,582.1558333333332,0 days 00:00:10.452000,5656.0,75.0,3,26.0,False,8,car,0.1352641726509624,OnTrack,223.63787065951863,8317.07446335396,-131.82051510572157,730.4244824233867
2024-03-01 16:59:20.276,0 days 01:12:44.603000,44,583.7663968177777,0 days 00:00:10.478000,5695.271026666666,75.27083466666667,3,27.191672533333332,False,8,pos,0.13536665481663324,OnTrack,230.0,8313.0,-132.0,730.9681051182015
2024-03-01 16:59:20.476,0 days 01:12:44.803000,44,596.1552857066664,0 days 00:00:10.678000,5997.35436,77.354168,3,36.3583392,False,8,pos,0.13616819577617964,OnTrack,287.0,8272.0,-134.0,735.2655588959793
2024-03-01 16:59:20.730,0 days 01:12:45.057000,44,611.8891666666663,0 days 00:00:10.932000,6381.0,80.0,3,48.0,False,8,car,0.1372472608336263,OnTrack,312.72698619093603,8250.851191473264,-134.81606335301865,740.9100033404237
2024-03-01 16:59:20.796,0 days 01:12:45.123000,44,615.7575068817362,0 days 00:00:10.998000,6561.466486461516,82.15037976535262,3,51.142862733976905,False,8,pos,0.13754384100535286,OnTrack,321.0,8243.0,-135.0,742.4160936361218
2024-03-01 16:59:20.996,0 days 01:12:45.323000,44,627.4797272237025,0 days 00:00:11.198000,7108.3335666632875,88.66666944695027,3,60.66667073015808,False,8,pos,0.13848578649019805,OnTrack,361.0,8205.0,-136.0,747.3420197165079
2024-03-01 16:59:21.129,0 days 01:12:45.456000,44,635.2749999999996,0 days 00:00:11.331000,7472.0,93.0,3,67.0,False,8,car,0.13916357471888957,OnTrack,384.59717717682344,8181.487872853523,-137.02653214156408,750.7778530498413
2024-03-01 16:59:21.255,0 days 01:12:45.582000,44,640.9450057599996,0 days 00:00:11.457000,7765.650298311111,99.3000064,3,72.25000533333333,False,8,pos,0.13984824208134114,OnTrack,406.0,8159.0,-138.0,754.2533532738413
2024-03-01 16:59:21.436,0 days 01:12:45.763000,44,649.0900028799996,0 days 00:00:11.638000,8187.480704711111,108.3500032,3,79.79166933333333,False,8,pos,0.1409030398219014,OnTrack,442.0,8120.0,-139.0,759.7009506569524
2024-03-01 16:59:21.489,0 days 01:12:45.816000,44,651.4749999999996,0 days 00:00:11.691000,8311.0,111.0,3,82.0,False,8,car,0.1412272258589742,OnTrack,454.3826008441421,8106.862508495815,-139.23100697299165,761.3351173236191
2024-03-01 16:59:21.649,0 days 01:12:45.976000,44,657.4305555555551,0 days 00:00:11.851000,8856.0,123.0,3,87.0,False,8,car,0.14224355855258947,OnTrack,497.05160175229537,8062.677887126754,-139.81216202072704,766.8017839902858
2024-03-01 16:59:21.795,0 days 01:12:46.122000,44,661.4861146666664,0 days 00:00:11.997000,9622.500672,127.562504,3,89.7375024,False,8,pos,0.1432055987924091,OnTrack,535.0,8026.0,-141.0,771.9751522080635
2024-03-01 16:59:21.809,0 days 01:12:46.136000,44,661.8749999999997,0 days 00:00:12.011000,9696.0,128.0,3,90.0,False,8,car,0.14330120558334353,OnTrack,538.3866734619244,8022.910505673948,-141.16759896282548,772.4729299858412
2024-03-01 16:59:21.876,0 days 01:12:46.203000,44,662.8613898311107,0 days 00:00:12.078000,9988.9159048,131.140628,3,89.7906248,False,8,pos,0.14376880925551072,OnTrack,556.0,8008.0,-142.0,774.9136027847301
2024-03-01 16:59:22.129,0 days 01:12:46.456000,44,666.5861111111108,0 days 00:00:12.331000,11095.0,143.0,3,89.0,False,8,car,0.1456643856676847,OnTrack,682.6242423279284,7927.008641215401,-142.92234083125734,784.9633250069523
2024-03-01 16:59:22.156,0 days 01:12:46.483000,44,666.6236111999997,0 days 00:00:12.358000,11013.79730752,144.0125024,3,88.6624992,False,8,pos,0.14587547083425006,OnTrack,693.0,7921.0,-143.0,786.0434187749524
2024-03-01 16:59:22.436,0 days 01:12:46.763000,44,667.0125000888887,0 days 00:00:12.638000,10171.69730752,154.5125024,3,85.1624992,False,8,pos,0.14814975432492625,OnTrack,749.0,7899.0,-144.0,798.061057850508
2024-03-01 16:59:22.529,0 days 01:12:46.856000,44,667.1416666666665,0 days 00:00:12.731000,9892.0,158.0,3,84.0,False,8,car,0.14892821830165237,OnTrack,782.3953540731617,7889.244455929942,-143.69616908292465,802.1427245171747
2024-03-01 16:59:22.676,0 days 01:12:47.003000,44,666.569999751111,0 days 00:00:12.878000,10323.812688,164.4312528,3,89.5125024,False,8,pos,0.15017905544361307,OnTrack,851.0,7872.0,-143.0,808.8570006731746
2024-03-01 16:59:22.689,0 days 01:12:47.016000,44,666.5194444444444,0 days 00:00:12.891000,10362.0,165.0,3,90.0,False,8,car,0.1502915914272338,OnTrack,857.1195744311229,7870.916617344959,-142.97951829206235,809.4528340065079
2024-03-01 16:59:22.849,0 days 01:12:47.176000,44,665.4083333333332,0 days 00:00:13.051000,10770.0,171.0,4,96.0,False,8,car,0.15170454175738185,OnTrack,931.8183414951394,7863.165947431174,-143.01341144344266,817.052834006508
2024-03-01 16:59:22.856,0 days 01:12:47.183000,44,665.3266659199999,0 days 00:00:13.058000,10790.796023466666,171.1750016,4,95.8249984,False,8,pos,0.15176734597359237,OnTrack,935.0,7863.0,-143.0,817.3856742873968
2024-03-01 16:59:23.089,0 days 01:12:47.416000,44,662.6083333333332,0 days 00:00:13.291000,11483.0,177.0,4,90.0,False,8,car,0.15389833305945377,OnTrack,1038.83068872253,7864.928835533602,-141.34225128461438,828.8415076207301
2024-03-01 16:59:23.197,0 days 01:12:47.524000,44,661.0483328366167,0 days 00:00:13.399000,11448.611929349072,180.2238816235245,4,93.22388162352449,False,8,pos,0.15490899799928012,OnTrack,1103.0,7873.0,-140.0,834.2482240694358
2024-03-01 16:59:23.290,0 days 01:12:47.617000,44,659.705,0 days 00:00:13.492000,11419.0,183.0,4,96.0,False,8,car,0.15579791463817583,OnTrack,1172.1280970875653,7884.339879404271,-138.62659629013697,838.9757240694358
2024-03-01 16:59:23.396,0 days 01:12:47.723000,44,657.7322198400001,0 days 00:00:13.598000,11638.571693714286,187.16429074285713,4,97.51428754285715,False,8,pos,0.15683951858054576,OnTrack,1248.0,7898.0,-137.0,844.4866726301977
2024-03-01 16:59:23.570,0 days 01:12:47.897000,44,654.4938888888889,0 days 00:00:13.772000,11999.0,194.0,4,100.0,False,8,car,0.15860315812990247,OnTrack,1318.459066432728,7911.353995493117,-134.66234784017746,853.8633392968644
2024-03-01 16:59:23.696,0 days 01:12:48.023000,44,651.7288860799999,0 days 00:00:13.898000,11227.249216,199.5125056,4,100.0,False,8,pos,0.15990848941201058,OnTrack,1365.0,7922.0,-133.0,860.8462769928644
2024-03-01 16:59:23.730,0 days 01:12:48.057000,44,650.9827777777778,0 days 00:00:13.932000,11019.0,201.0,4,100.0,False,8,car,0.1602639944828835,OnTrack,1381.098097264067,7925.907796049309,-132.53037439115494,862.7446103261979
2024-03-01 16:59:23.895,0 days 01:12:48.222000,44,647.2244400711113,0 days 00:00:14.097000,10589.17449984,204.30000384,4,100.0,False,8,pos,0.16200729002563455,OnTrack,1473.0,7950.0,-130.0,872.1083605021978
2024-03-01 16:59:23.930,0 days 01:12:48.257000,44,646.4272222222224,0 days 00:00:14.132000,10498.0,205.0,5,100.0,False,8,car,0.16238135426124858,OnTrack,1492.3826300617125,7955.753514857734,-129.35976497088353,874.1014160577533
2024-03-01 16:59:24.095,0 days 01:12:48.422000,44,642.5313843555557,0 days 00:00:14.297000,10839.786112,208.5357184,5,100.0,False,8,pos,0.16416611158416017,OnTrack,1582.0,7985.0,-126.0,883.6593031510868
2024-03-01 16:59:24.210,0 days 01:12:48.537000,44,639.8161111111112,0 days 00:00:14.412000,11078.0,211.0,5,100.0,False,8,car,0.16543241805895129,OnTrack,1646.735671428355,8006.599377338906,-123.71407976433942,890.3995809288646
2024-03-01 16:59:24.296,0 days 01:12:48.623000,44,637.6899968355557,0 days 00:00:14.498000,11136.0500864,214.2250048,5,100.0,False,8,pos,0.1663920673248325,OnTrack,1696.0,8022.0,-122.0,895.5171782657534
2024-03-01 16:59:24.370,0 days 01:12:48.697000,44,635.8605555555557,0 days 00:00:14.572000,11186.0,217.0,5,100.0,False,8,car,0.16722546029077656,OnTrack,1738.601714681551,8034.017247299261,-120.48635878169875,899.9777338213089
2024-03-01 16:59:24.636,0 days 01:12:48.963000,44,629.0627745066668,0 days 00:00:14.838000,11605.900202057142,221.7500022857143,5,100.0,False,8,pos,0.17027292800714183,OnTrack,1896.0,8065.0,-115.0,916.3625951013089
2024-03-01 16:59:24.650,0 days 01:12:48.977000,44,628.705,0 days 00:00:14.852000,11628.0,222.0,5,100.0,False,8,car,0.17043558428646377,OnTrack,1904.6685478194527,8065.890909471197,-114.72819390703215,917.2259284346424
2024-03-01 16:59:24.795,0 days 01:12:49.122000,44,624.9994395377779,0 days 00:00:14.997000,11641.593768,226.531256,5,100.0,False,8,pos,0.1721340112717611,OnTrack,1997.0,8071.0,-112.0,926.3501040235312
2024-03-01 16:59:24.810,0 days 01:12:49.137000,44,624.6161111111112,0 days 00:00:15.012000,11643.0,227.0,5,100.0,False,8,car,0.1723112551925667,OnTrack,2006.822197618809,8071.204049741318,-111.71914217880897,927.2959373568646
2024-03-01 16:59:25.050,0 days 01:12:49.377000,44,618.4827777777778,0 days 00:00:15.252000,10535.0,232.0,5,100.0,False,8,car,0.17518673305742938,OnTrack,2162.157766601067,8069.072210873619,-107.10234945255556,942.7626040235313
2024-03-01 16:59:25.055,0 days 01:12:49.382000,44,618.3536061511111,0 days 00:00:15.257000,10538.8751488,232.0937536,5,100.0,False,8,pos,0.1752473702544812,OnTrack,2165.0,8069.0,-107.0,943.0849564590867
2024-03-01 16:59:25.215,0 days 01:12:49.542000,44,614.2202728177779,0 days 00:00:15.417000,10662.8751488,235.0937536,5,100.0,False,8,pos,0.177202760506063,OnTrack,2269.0,8064.0,-103.0,953.5335677301978
2024-03-01 16:59:25.370,0 days 01:12:49.697000,44,610.2161111111112,0 days 00:00:15.572000,10783.0,238.0,6,100.0,False,8,car,0.1791198579530461,OnTrack,2476.4331471962905,8044.642132635405,-96.21027659241683,963.7807899524199
2024-03-01 16:59:25.376,0 days 01:12:49.703000,44,610.0711080177779,0 days 00:00:15.578000,10788.7376224,238.1500032,6,100.0,False,8,pos,0.17919442984128936,OnTrack,2483.0,8044.0,-96.0,964.1777066244199
2024-03-01 16:59:25.530,0 days 01:12:49.857000,44,606.3494444444445,0 days 00:00:15.732000,10936.0,242.0,6,100.0,False,14,car,0.18111947187056554,OnTrack,2571.415086635351,8034.997477353119,-93.22162580781509,974.5299288466421
2024-03-01 16:59:25.716,0 days 01:12:50.043000,44,602.3711083733333,0 days 00:00:15.918000,11058.892941714286,245.32143085714284,6,100.0,False,14,pos,0.183484096917711,OnTrack,2617.0,8025.0,-92.0,987.2048694409277
2024-03-01 16:59:25.810,0 days 01:12:50.137000,44,600.3605555555555,0 days 00:00:16.012000,11121.0,247.0,6,100.0,False,14,car,0.18469109631621755,OnTrack,2685.357803927244,8011.334965063999,-90.02304828967036,993.6543138853723
2024-03-01 16:59:26.010,0 days 01:12:50.337000,44,596.4161111111111,0 days 00:00:16.212000,11358.0,251.0,6,100.0,False,12,car,0.1872835709716792,OnTrack,2903.943463964994,7968.491664933507,-83.58004984947075,1007.5987583298166
2024-03-01 16:59:26.115,0 days 01:12:50.442000,44,594.3744407111111,0 days 00:00:16.317000,11412.375099428571,253.2500041142857,6,100.0,False,12,pos,0.18866897513815473,OnTrack,2988.0,7952.0,-81.0,1014.98521678315
2024-03-01 16:59:26.290,0 days 01:12:50.617000,44,590.9716666666666,0 days 00:00:16.492000,11503.0,257.0,6,100.0,False,12,car,0.19099979559731708,OnTrack,3052.324925306308,7939.202786407962,-78.75979667317135,1027.4782723387057
2024-03-01 16:59:26.436,0 days 01:12:50.763000,44,588.4572200177778,0 days 00:00:16.638000,11396.541573333334,257.60833386666667,6,100.0,False,12,pos,0.19293882977727705,OnTrack,3128.0,7924.0,-77.0,1037.9257214344095
2024-03-01 16:59:26.530,0 days 01:12:50.857000,44,586.8383333333334,0 days 00:00:16.732000,11328.0,258.0,6,100.0,False,12,car,0.1941975252918626,OnTrack,3226.1442494068506,7904.399349708811,-75.15474219654627,1044.662388101076
2024-03-01 16:59:26.635,0 days 01:12:50.962000,44,585.1174968533335,0 days 00:00:16.837000,11064.74951862857,260.6250048,6,100.0,False,12,pos,0.1956219412891064,OnTrack,3343.0,7881.0,-73.0,1052.263950741076
2024-03-01 16:59:26.810,0 days 01:12:51.137000,44,582.2494444444446,0 days 00:00:17.012000,10626.0,265.0,7,100.0,False,12,car,0.1980294300614892,OnTrack,3454.508798575515,7858.183141192408,-70.66091457561176,1065.1458951855207
2024-03-01 16:59:26.970,0 days 01:12:51.297000,44,579.5827777777781,0 days 00:00:17.172000,10599.0,269.0,7,100.0,False,12,car,0.20025214139955833,OnTrack,3518.89967054221,7844.6911967719,-69.23973244854099,1077.1014507410762
2024-03-01 16:59:26.996,0 days 01:12:51.323000,44,579.2216648888892,0 days 00:00:17.198000,10625.5688808,269.3250016,7,100.0,False,12,pos,0.20061541947217548,OnTrack,3532.0,7842.0,-69.0,1079.0465757526317
2024-03-01 16:59:27.176,0 days 01:12:51.503000,44,576.7216648888893,0 days 00:00:17.378000,10809.5063808,271.5750016,7,100.0,False,12,pos,0.20314675976337718,OnTrack,3650.0,7818.0,-67.0,1092.6253258326317
2024-03-01 16:59:27.290,0 days 01:12:51.617000,44,575.1383333333338,0 days 00:00:17.492000,10926.0,273.0,7,100.0,False,12,car,0.2047636670151187,OnTrack,3767.6282984304603,7793.97302638058,-64.718640434741,1101.2703258326317
2024-03-01 16:59:27.456,0 days 01:12:51.783000,44,572.9249982933339,0 days 00:00:17.658000,10983.4083776,275.7666688,7,100.0,False,12,pos,0.20713572992076773,OnTrack,3949.0,7757.0,-61.0,1113.9862333384094
2024-03-01 16:59:27.530,0 days 01:12:51.857000,44,571.938333333334,0 days 00:00:17.732000,11009.0,277.0,7,100.0,False,12,car,0.20819688843135556,OnTrack,4005.451314641937,7745.658033555065,-59.82620724849573,1119.6801222272982
2024-03-01 16:59:27.809,0 days 01:12:52.136000,44,568.3733333333339,0 days 00:00:18.011000,11154.0,279.0,7,100.0,False,12,car,0.21221682507788525,OnTrack,4132.308342496091,7720.922908612013,-57.25859470124206,1141.3026222272981
2024-03-01 16:59:27.836,0 days 01:12:52.163000,44,568.0358325333339,0 days 00:00:18.038000,11162.9678784,279.482144,7,100.0,False,12,pos,0.21260952089568536,OnTrack,4147.0,7718.0,-57.0,1143.3987383072981
2024-03-01 16:59:28.089,0 days 01:12:52.416000,44,564.8733333333339,0 days 00:00:18.291000,11247.0,284.0,7,100.0,False,12,car,0.2163234701894851,OnTrack,4332.630722461863,7680.516721113441,-53.87957063212702,1163.357627196187
2024-03-01 16:59:28.136,0 days 01:12:52.463000,44,564.2727769600007,0 days 00:00:18.338000,11264.625024,284.8812512,7,100.0,False,12,pos,0.2170185385020616,OnTrack,4380.0,7671.0,-53.0,1167.0769101979647
2024-03-01 16:59:28.249,0 days 01:12:52.576000,44,562.8288888888897,0 days 00:00:18.451000,11307.0,287.0,7,100.0,False,12,car,0.21869491314125403,OnTrack,4512.675339360905,7644.476502480549,-50.39072687444071,1176.0855213090758
2024-03-01 16:59:28.356,0 days 01:12:52.683000,44,561.5508325688896,0 days 00:00:18.558000,11362.792890514285,287.7642861714286,7,100.0,False,12,pos,0.22028766912228762,OnTrack,4630.0,7621.0,-48.0,1184.6385153702822
2024-03-01 16:59:28.529,0 days 01:12:52.856000,44,559.4844444444452,0 days 00:00:18.731000,11453.0,289.0,7,100.0,False,12,car,0.22287385834284684,OnTrack,4738.597873177019,7598.879848493774,-45.713248831448006,1198.5265709258379
2024-03-01 16:59:28.689,0 days 01:12:53.016000,44,557.5733333333342,0 days 00:00:18.891000,11528.0,291.0,7,100.0,False,12,car,0.22527835276432678,OnTrack,4816.104064695659,7583.573799508684,-44.2976494147756,1211.459904259171
2024-03-01 16:59:28.716,0 days 01:12:53.043000,44,557.2508325688897,0 days 00:00:18.918000,11525.70499456,291.27000064,7,100.0,False,12,pos,0.2256855098413635,OnTrack,4835.0,7580.0,-44.0,1213.644429263971
2024-03-01 16:59:28.796,0 days 01:12:53.123000,44,556.295277013334,0 days 00:00:18.998000,11518.90499456,292.07000064,7,100.0,False,12,pos,0.22689437775446175,OnTrack,4899.0,7568.0,-43.0,1220.1348737226378
2024-03-01 16:59:28.889,0 days 01:12:53.216000,44,555.184444444445,0 days 00:00:19.091000,11511.0,293.0,7,100.0,False,12,car,0.22830462795974624,OnTrack,4975.209981104085,7553.3358754580395,-41.49054837174982,1227.7040403893045
2024-03-01 16:59:29.076,0 days 01:12:53.403000,44,552.5352768711116,0 days 00:00:19.278000,11145.1811248,294.55833386666666,7,100.0,False,12,pos,0.2311569592728355,OnTrack,5123.0,7524.0,-38.0,1243.0047093984895
2024-03-01 16:59:29.336,0 days 01:12:53.663000,44,548.8519435377782,0 days 00:00:19.538000,10636.5561248,296.72500053333334,7,100.0,False,12,pos,0.2351567527792778,OnTrack,5333.0,7483.0,-34.0,1264.434848325897
2024-03-01 16:59:29.369,0 days 01:12:53.696000,44,548.3844444444449,0 days 00:00:19.571000,10572.0,297.0,8,100.0,False,12,car,0.235666842837886,OnTrack,5371.382705898833,7475.761808858709,-33.29439021428454,1267.1573483258971
2024-03-01 16:59:29.596,0 days 01:12:53.923000,44,543.7183320177783,0 days 00:00:19.798000,10643.50502016,299.27000064,8,100.0,False,12,pos,0.2391901538044574,OnTrack,5660.0,7422.0,-28.0,1286.0279844773636
2024-03-01 16:59:29.769,0 days 01:12:54.096000,44,540.1622222222227,0 days 00:00:19.971000,10698.0,301.0,8,100.0,False,12,car,0.24188465057728012,OnTrack,5734.783355490904,7407.565766661949,-26.76303933198745,1300.492706699586
2024-03-01 16:59:29.876,0 days 01:12:54.203000,44,537.7547200156548,0 days 00:00:20.078000,10693.2089508327,301.53233879636656,8,100.0,False,12,pos,0.24355256011369603,OnTrack,5775.0,7400.0,-26.0,1309.454917880478
2024-03-01 16:59:29.970,0 days 01:12:54.297000,44,535.6397222222226,0 days 00:00:20.172000,10689.0,302.0,8,100.0,False,12,car,0.2450194791935318,OnTrack,5837.311357398251,7388.7183424383265,-24.688273437570654,1317.3404734360336
2024-03-01 16:59:30.170,0 days 01:12:54.497000,44,530.7508333333337,0 days 00:00:20.372000,10772.0,303.0,8,100.0,False,12,car,0.24814904023179826,OnTrack,6017.805345369206,7355.972659985764,-21.084881641021944,1334.1738067693668
2024-03-01 16:59:30.176,0 days 01:12:54.503000,44,530.5941633244448,0 days 00:00:20.378000,10773.86003968,303.06000128,8,100.0,False,12,pos,0.2482431874226644,OnTrack,6023.0,7355.0,-21.0,1334.6789067715001
2024-03-01 16:59:30.335,0 days 01:12:54.662000,44,526.4424949866672,0 days 00:00:20.537000,10823.15005952,304.65000192,8,100.0,False,12,pos,0.25074544772220464,OnTrack,6155.0,7330.0,-19.0,1348.1342818563
2024-03-01 16:59:30.370,0 days 01:12:54.697000,44,525.5286111111116,0 days 00:00:20.572000,10834.0,305.0,8,100.0,False,12,car,0.2512992584386341,OnTrack,6184.076313073717,7324.7100355241655,-18.411387312899503,1351.0995596340779
2024-03-01 16:59:30.536,0 days 01:12:54.863000,44,521.1019410311117,0 days 00:00:20.738000,10901.7833856,305.6916672,8,100.0,False,12,pos,0.2539376186342319,OnTrack,6324.0,7300.0,-15.0,1365.195342066078
2024-03-01 16:59:30.610,0 days 01:12:54.937000,44,519.1286111111117,0 days 00:00:20.812000,10932.0,306.0,8,100.0,False,12,car,0.25509191458797886,OnTrack,6386.646063782138,7288.4708235993485,-13.66384190666409,1371.4853420660781
2024-03-01 16:59:30.715,0 days 01:12:55.042000,44,517.1452741511117,0 days 00:00:20.917000,10616.1244224,298.4166528,8,70.83328,False,12,pos,0.25668799738037756,OnTrack,6475.0,7272.0,-12.0,1380.1891611060782
2024-03-01 16:59:30.935,0 days 01:12:55.262000,44,512.9897185955562,0 days 00:00:21.137000,9954.291089066666,282.5277639111111,8,9.722168888888895,False,12,pos,0.2598326039617575,OnTrack,6653.0,7240.0,-9.0,1397.4547466784238
2024-03-01 16:59:30.970,0 days 01:12:55.297000,44,512.3286111111117,0 days 00:00:21.172000,9849.0,280.0,8,0.0,True,8,car,0.2602975210674716,OnTrack,6679.648920038859,7235.249487535765,-8.546859900031574,1400.176968900646
2024-03-01 16:59:31.175,0 days 01:12:55.502000,44,511.36055464888943,0 days 00:00:21.377000,9482.928228571429,246.32139702857143,8,0.0,True,8,pos,0.26282281152047104,OnTrack,6825.0,7209.0,-6.0,1414.2036040092173
2024-03-01 16:59:31.250,0 days 01:12:55.577000,44,511.00638888888943,0 days 00:00:21.452000,9349.0,234.0,8,0.0,True,8,car,0.2636811652791419,OnTrack,6873.562689732548,7199.7764881318235,-5.151275201341231,1419.0786040092175
2024-03-01 16:59:31.436,0 days 01:12:55.763000,44,511.93638952888944,0 days 00:00:21.638000,9249.48993152,209.81998336,8,0.0,True,8,pos,0.2656855698746312,OnTrack,6984.0,7177.0,-3.0,1429.9193031494842
2024-03-01 16:59:31.450,0 days 01:12:55.777000,44,512.0063888888894,0 days 00:00:21.652000,9242.0,208.0,8,0.0,True,8,car,0.2658295108103611,OnTrack,6991.799454514841,7175.232258428713,-2.811460967100556,1430.728192038373
2024-03-01 16:59:31.650,0 days 01:12:55.977000,44,514.173055555556,0 days 00:00:21.852000,9340.0,189.0,8,0.0,True,8,car,0.2677816132401709,OnTrack,7096.167107057076,7148.113683294185,-0.15808428766994342,1441.228192038373
2024-03-01 16:59:31.676,0 days 01:12:56.003000,44,514.628057795556,0 days 00:00:21.878000,9392.1627568,187.1312408,8,0.0,True,8,pos,0.26802105962461503,OnTrack,7109.0,7144.0,0.0,1442.5796954441507
2024-03-01 16:59:31.855,0 days 01:12:56.182000,44,517.7605589155561,0 days 00:00:22.057000,9751.2816352,174.2656112,8,0.0,True,8,pos,0.26958205931074414,OnTrack,7191.0,7113.0,0.0,1451.2445688899284
2024-03-01 16:59:31.970,0 days 01:12:56.297000,44,519.7730555555561,0 days 00:00:22.172000,9982.0,166.0,5,0.0,True,8,car,0.2705248852261893,OnTrack,7233.499726637401,7094.350167699551,0.5747892205066342,1456.5473466677063
2024-03-01 16:59:32.016,0 days 01:12:56.343000,44,520.8847253155561,0 days 00:00:22.218000,9782.905696,163.4124928,5,0.0,True,8,pos,0.27089140952719104,OnTrack,7256.0,7082.0,1.0,1458.6353951868173
2024-03-01 16:59:32.176,0 days 01:12:56.503000,44,524.7513919822228,0 days 00:00:22.378000,9090.405696,154.4124928,5,0.0,True,8,pos,0.2721208549178099,OnTrack,7361.0,7016.0,3.0,1465.4981726445951
2024-03-01 16:59:32.290,0 days 01:12:56.617000,44,527.5063888888894,0 days 00:00:22.492000,8597.0,148.0,4,0.0,True,8,car,0.2729706939848081,OnTrack,7402.568800899635,6987.409539432362,3.9148480945344075,1470.1848393112618
2024-03-01 16:59:32.490,0 days 01:12:56.817000,44,532.9508333333335,0 days 00:00:22.692000,8058.0,140.0,4,0.0,True,8,car,0.2744166957846672,OnTrack,7415.703648427932,6968.262810551845,4.705524765340967,1477.9626170890397
2024-03-01 16:59:32.536,0 days 01:12:56.863000,44,534.420281866667,0 days 00:00:22.738000,7995.388714666667,138.4666624,4,0.0,True,8,pos,0.2747353004206298,OnTrack,7421.0,6960.0,5.0,1479.7319133308174
2024-03-01 16:59:32.796,0 days 01:12:57.123000,44,542.7258374222229,0 days 00:00:22.998000,7641.499825777778,129.79999573333333,4,0.0,True,8,pos,0.27644652776648865,OnTrack,7469.0,6884.0,7.0,1489.1063574671139
2024-03-01 16:59:32.850,0 days 01:12:57.177000,44,544.450833333334,0 days 00:00:23.052000,7568.0,128.0,4,0.0,True,8,car,0.2767964016038639,OnTrack,7476.4589614571205,6866.186252484002,7.070825969484174,1491.0263574671137
2024-03-01 16:59:32.955,0 days 01:12:57.282000,44,547.9800064533338,0 days 00:00:23.157000,7620.500096,126.0312464,4,2.6250047999999997,True,8,pos,0.27747602963718054,OnTrack,7487.0,6831.0,7.0,1494.702268820447
2024-03-01 16:59:33.010,0 days 01:12:57.337000,44,549.8286111111115,0 days 00:00:23.212000,7648.0,125.0,4,4.0,False,8,car,0.2778292600323347,OnTrack,7491.034726769804,6812.255901142804,7.077545298786537,1496.6119910426692
2024-03-01 16:59:33.210,0 days 01:12:57.537000,44,556.8286111111117,0 days 00:00:23.412000,7285.0,122.0,4,4.0,False,8,car,0.27908934731506907,OnTrack,7497.838285549,6742.7740465958495,7.864361421414374,1503.389768820447
2024-03-01 16:59:33.276,0 days 01:12:57.603000,44,559.2302824355561,0 days 00:00:23.478000,7340.000106666666,121.44999893333333,4,12.250016,False,8,pos,0.2794975834065627,OnTrack,7498.0,6720.0,8.0,1505.6163521342248
2024-03-01 16:59:33.396,0 days 01:12:57.723000,44,563.5969491022227,0 days 00:00:23.598000,7440.000106666666,120.44999893333333,4,27.250016,False,8,pos,0.28023662874306865,OnTrack,7496.0,6679.0,8.0,1509.6313520986691
2024-03-01 16:59:33.450,0 days 01:12:57.777000,44,565.5619444444449,0 days 00:00:23.652000,7485.0,120.0,4,34.0,False,8,car,0.280576663452067,OnTrack,7494.281697057756,6660.628876609631,7.965223923270145,1511.4313520986693
2024-03-01 16:59:34.256,0 days 01:12:58.583000,44,583.9208362488895,0 days 00:00:24.458000,8256.832731269566,134.0173935304348,4,60.28261286956522,False,8,pos,0.2862147364886587,OnTrack,7407.0,6394.0,5.0,1541.4363574279832
2024-03-01 16:59:34.370,0 days 01:12:58.697000,44,586.5175000000006,0 days 00:00:24.572000,8366.0,136.0,4,64.0,False,8,car,0.2870382257805802,OnTrack,7384.074077395845,6358.517714432798,3.845007060984209,1545.7430240946499
2024-03-01 16:59:34.456,0 days 01:12:58.783000,44,588.0225017559799,0 days 00:00:24.658000,8595.477654680553,138.16080654124815,4,70.05025831549482,False,8,pos,0.2876586241352048,OnTrack,7365.0,6332.0,3.0,1549.0435322509131
2024-03-01 16:59:34.569,0 days 01:12:58.896000,44,590.0000000000005,0 days 00:00:24.771000,8897.0,141.0,4,78.0,False,8,car,0.2884872745128033,OnTrack,7337.640991552982,6297.300505280018,2.0964653604576826,1553.4693655842464
2024-03-01 16:59:34.776,0 days 01:12:59.103000,44,590.5750001777784,0 days 00:00:24.978000,9267.6594896,148.7625024,4,85.1156272,False,8,pos,0.2900977454501093,OnTrack,7281.0,6235.0,0.0,1562.0232094722464
2024-03-01 16:59:34.889,0 days 01:12:59.216000,44,590.8888888888896,0 days 00:00:25.091000,9470.0,153.0,4,89.0,False,8,car,0.29101571194569975,OnTrack,7246.587911859861,6202.184133013062,-2.174715501574071,1566.8257094722464
2024-03-01 16:59:34.936,0 days 01:12:59.263000,44,590.5363884088896,0 days 00:00:25.138000,9590.2907888,154.7625024,4,90.6156272,False,8,pos,0.29140394093172456,OnTrack,7231.0,6188.0,-3.0,1568.8462199202465
2024-03-01 16:59:35.156,0 days 01:12:59.483000,44,588.8863884088897,0 days 00:00:25.358000,10153.3532888,163.0125024,4,98.1781272,False,8,pos,0.29327530970234317,OnTrack,7149.0,6117.0,-5.0,1578.8080950669132
2024-03-01 16:59:35.209,0 days 01:12:59.536000,44,588.4888888888897,0 days 00:00:25.411000,10289.0,165.0,4,100.0,False,8,car,0.2937424581968627,OnTrack,7129.426603608764,6100.975945050897,-5.107807329290244,1581.23726173358
2024-03-01 16:59:35.436,0 days 01:12:59.763000,44,585.0208323555563,0 days 00:00:25.638000,11050.260928914286,173.91785965714286,4,100.0,False,8,pos,0.2958061217984342,OnTrack,7064.0,6050.0,-5.0,1592.2037489952943
2024-03-01 16:59:35.489,0 days 01:12:59.816000,44,584.2111111111119,0 days 00:00:25.691000,11228.0,176.0,4,100.0,False,8,car,0.29628742136461467,OnTrack,7059.097908598991,6046.382242727339,-5.252210608148832,1594.7948601064052
2024-03-01 16:59:35.596,0 days 01:12:59.923000,44,582.3683322311119,0 days 00:00:25.798000,11341.95506816,176.0,4,100.0,False,8,pos,0.29724920778279024,OnTrack,7039.0,6033.0,-6.0,1600.0259712175161
2024-03-01 16:59:35.689,0 days 01:13:00.016000,44,580.7666666666676,0 days 00:00:25.891000,11441.0,176.0,4,100.0,False,8,car,0.29810525219872325,OnTrack,6970.563921064809,5986.6657924026895,-6.59988721795469,1604.5726378841828
2024-03-01 16:59:35.756,0 days 01:13:00.083000,44,579.0544428088898,0 days 00:00:25.958000,11535.8469656,179.9781288,4,100.0,False,8,pos,0.2987492396970854,OnTrack,6918.0,5951.0,-7.0,1607.9222308368494
2024-03-01 16:59:36.009,0 days 01:13:00.336000,44,572.5888888888899,0 days 00:00:26.211000,11894.0,195.0,4,100.0,False,8,car,0.3013277704955521,OnTrack,6845.432729203488,5901.225544362197,-8.314865746667166,1621.626397503516
2024-03-01 16:59:36.156,0 days 01:13:00.483000,44,568.5463871288898,0 days 00:00:26.358000,11452.999808,200.5125024,4,100.0,False,8,pos,0.3028527550931256,OnTrack,6793.0,5863.0,-9.0,1629.813991351516
2024-03-01 16:59:36.169,0 days 01:13:00.496000,44,568.1888888888898,0 days 00:00:26.371000,11414.0,201.0,4,100.0,False,8,car,0.3029886068485331,OnTrack,6785.504849903436,5857.549665459994,-9.059358810705003,1630.5398246848492
2024-03-01 16:59:36.329,0 days 01:13:00.656000,44,563.3444444444456,0 days 00:00:26.531000,10853.0,205.0,5,100.0,False,8,car,0.3046824946712252,OnTrack,6665.5260559771195,5770.3215431336275,-9.78090265562328,1639.6509357959603
2024-03-01 16:59:36.376,0 days 01:13:00.703000,44,561.7516639906249,0 days 00:00:26.578000,10921.51255291942,207.10448114769548,5,100.0,False,8,pos,0.30519315238066747,OnTrack,6635.0,5748.0,-10.0,1642.3547998553886
2024-03-01 16:59:36.530,0 days 01:13:00.857000,44,556.5327777777791,0 days 00:00:26.732000,11146.0,214.0,5,100.0,False,8,car,0.3069038632933373,OnTrack,6572.824208587759,5701.758250650706,-10.756908114268024,1651.509244299833
2024-03-01 16:59:36.736,0 days 01:13:01.063000,44,549.0366620088902,0 days 00:00:26.938000,11297.066760533333,219.1500032,5,100.0,False,8,pos,0.30923904527677976,OnTrack,6521.0,5660.0,-12.0,1664.049494482944
2024-03-01 16:59:36.770,0 days 01:13:01.097000,44,547.7994444444457,0 days 00:00:26.972000,11322.0,220.0,5,100.0,False,8,car,0.30963060954450017,OnTrack,6507.686499054651,5649.183429315821,-12.24951829724127,1666.127272260722
2024-03-01 16:59:36.995,0 days 01:13:01.322000,44,538.8619368177792,0 days 00:00:27.197000,11550.214480457144,225.6250048,5,100.0,False,8,pos,0.31226476920405033,OnTrack,6397.0,5558.0,-14.0,1680.2288350607218
2024-03-01 16:59:37.050,0 days 01:13:01.377000,44,536.6772222222237,0 days 00:00:27.252000,11606.0,227.0,5,100.0,False,8,car,0.3129130336301803,OnTrack,6370.682792797059,5535.488419363909,-14.33904323366989,1683.6968906162774
2024-03-01 16:59:37.175,0 days 01:13:01.502000,44,531.5730477155572,0 days 00:00:27.377000,11778.6565152,228.5625024,5,100.0,False,8,pos,0.3143887628436317,OnTrack,6312.0,5483.0,-15.0,1691.6330886162775
2024-03-01 16:59:37.210,0 days 01:13:01.537000,44,530.1438888888906,0 days 00:00:27.412000,11827.0,229.0,5,100.0,False,8,car,0.31480523027113877,OnTrack,6294.869374644856,5466.833686446038,-15.183039724557275,1693.8594775051665
2024-03-01 16:59:37.336,0 days 01:13:01.663000,44,524.753883413335,0 days 00:00:27.538000,11835.82000896,232.1500032,5,100.0,False,8,pos,0.31632143173120264,OnTrack,6230.0,5402.0,-16.0,1701.9847276171665
2024-03-01 16:59:37.410,0 days 01:13:01.737000,44,521.588333333335,0 days 00:00:27.612000,11841.0,234.0,5,100.0,False,8,car,0.3172221189937604,OnTrack,6189.174126164054,5357.888705795421,-16.807836977311656,1706.7947276171665
2024-03-01 16:59:37.636,0 days 01:13:01.963000,44,511.92055008000153,0 days 00:00:27.838000,11362.44472896,237.95500224,5,100.0,False,8,pos,0.32001291871211696,OnTrack,6066.0,5214.0,-20.0,1721.7330138689
2024-03-01 16:59:37.810,0 days 01:13:02.137000,44,504.47722222222365,0 days 00:00:28.012000,10994.0,241.0,6,100.0,False,8,car,0.3222004966189896,OnTrack,5999.364659771396,5129.739950386911,-21.498009946094356,1733.3813472022332
2024-03-01 16:59:38.075,0 days 01:13:02.402000,44,492.9202694044459,0 days 00:00:28.277000,11092.170525672727,245.81818530909092,6,100.0,False,8,pos,0.3255934789728469,OnTrack,5917.0,5012.0,-23.0,1751.4762969541525
2024-03-01 16:59:38.196,0 days 01:13:02.523000,44,487.64332775111257,0 days 00:00:28.398000,11136.995501963636,248.01818414545454,6,100.0,False,8,pos,0.327158515128745,OnTrack,5871.0,4943.0,-24.0,1759.8124636990412
2024-03-01 16:59:38.250,0 days 01:13:02.577000,44,485.2883333333348,0 days 00:00:28.452000,11157.0,249.0,6,100.0,False,8,car,0.3278584950901526,OnTrack,5852.263715007998,4913.784545878179,-24.53339095914219,1763.5474636990414
2024-03-01 16:59:38.375,0 days 01:13:02.702000,44,480.04526972444575,0 days 00:00:28.577000,11233.25011712,250.87500288,6,100.0,False,8,pos,0.32948258730551405,OnTrack,5805.0,4837.0,-26.0,1772.2584012990415
2024-03-01 16:59:38.450,0 days 01:13:02.777000,44,476.89944444444563,0 days 00:00:28.652000,11279.0,252.0,6,100.0,False,8,car,0.33046129832989896,OnTrack,5762.825996295517,4767.590828694989,-27.05228996236628,1777.5084012990415
2024-03-01 16:59:38.595,0 days 01:13:02.922000,44,471.0188811022235,0 days 00:00:28.797000,11366.0001152,253.8125024,6,82.7812272,False,8,pos,0.3323632238843062,OnTrack,5672.0,4619.0,-29.0,1787.7314048679302
2024-03-01 16:59:38.610,0 days 01:13:02.937000,44,470.4105555555568,0 days 00:00:28.812000,11375.0,254.0,6,81.0,False,8,car,0.3325600666565516,OnTrack,5664.397404690331,4606.865266350922,-29.1435667908269,1788.7897382012636
2024-03-01 16:59:38.890,0 days 01:13:03.217000,44,460.22166666666817,0 days 00:00:29.092000,11095.0,251.0,6,4.0,True,8,car,0.3361895311741979,OnTrack,5586.544439012051,4496.969976648457,-29.897380671252787,1808.3119604234857
2024-03-01 16:59:39.056,0 days 01:13:03.383000,44,456.0716634666681,0 days 00:00:29.258000,10713.954251636364,243.07726661818182,6,5.1318190545454545,True,8,pos,0.33821403307567466,OnTrack,5540.0,4448.0,-31.0,1819.5205232731018
2024-03-01 16:59:39.195,0 days 01:13:03.522000,44,452.596661866668,0 days 00:00:29.397000,10394.88592290909,236.44317265454546,6,6.079546763636364,True,8,pos,0.33983900811103773,OnTrack,5475.0,4384.0,-33.0,1828.6498568839302
2024-03-01 16:59:39.330,0 days 01:13:03.657000,44,449.22166666666794,0 days 00:00:29.532000,10085.0,230.0,6,7.0,False,8,car,0.3414157948222601,OnTrack,5363.700855581793,4303.900025703265,-34.852255454024935,1837.2748568839302
2024-03-01 16:59:39.435,0 days 01:13:03.762000,44,447.0633293866679,0 days 00:00:29.637000,10085.0,227.3749952,6,9.6250048,False,8,pos,0.342644649461886,OnTrack,5283.0,4252.0,-36.0,1843.9066275772636
2024-03-01 16:59:39.490,0 days 01:13:03.817000,44,445.93277777777894,0 days 00:00:29.692000,10085.0,226.0,6,11.0,False,8,car,0.3432832028609353,OnTrack,5254.5427500670985,4234.779834560903,-36.4665714722642,1847.3594053550414
2024-03-01 16:59:39.730,0 days 01:13:04.057000,44,441.999444444446,0 days 00:00:29.932000,10087.0,220.0,6,59.0,False,8,car,0.3460099491120981,OnTrack,5193.418222229364,4215.722193745494,-37.83423132448025,1862.026072021708
2024-03-01 16:59:39.755,0 days 01:13:04.082000,44,441.6661085511127,0 days 00:00:29.957000,10070.62487424,219.74999808,6,61.12501632,False,8,pos,0.34629167491109625,OnTrack,5183.0,4214.0,-38.0,1863.5521136750415
2024-03-01 16:59:39.930,0 days 01:13:04.257000,44,439.3327777777795,0 days 00:00:30.132000,9956.0,218.0,6,76.0,False,8,car,0.34826158048616446,OnTrack,5073.597904279548,4195.5875426757275,-39.428782133849836,1874.1493358972637
2024-03-01 16:59:40.056,0 days 01:13:04.383000,44,437.93277635555705,0 days 00:00:30.258000,9956.0,218.7875008,6,88.6000128,False,8,pos,0.3496853438018244,OnTrack,4988.0,4185.0,-41.0,1881.8068984252636
2024-03-01 16:59:40.090,0 days 01:13:04.417000,44,437.5550000000014,0 days 00:00:30.292000,9956.0,219.0,6,92.0,False,8,car,0.35007114845284526,OnTrack,4967.570569817637,4183.592295751858,-41.52986467695299,1883.875231758597
2024-03-01 16:59:40.236,0 days 01:13:04.563000,44,436.0949987200015,0 days 00:00:30.438000,10179.866862933333,220.8250016,6,96.86667093333334,False,8,pos,0.3517374701162308,OnTrack,4886.0,4183.0,-44.0,1892.8309123790414
2024-03-01 16:59:40.330,0 days 01:13:04.657000,44,435.15500000000156,0 days 00:00:30.532000,10324.0,222.0,6,100.0,False,8,car,0.3528226833062914,OnTrack,4827.538740871809,4184.680605899228,-45.23001137617467,1898.6275790457082
2024-03-01 16:59:40.396,0 days 01:13:04.723000,44,434.5499988266683,0 days 00:00:30.598000,10346.825044266667,223.37500266666666,6,100.0,False,8,pos,0.35359184411334865,OnTrack,4785.0,4186.0,-46.0,1902.7227874279304
2024-03-01 16:59:40.570,0 days 01:13:04.897000,44,432.95500000000175,0 days 00:00:30.772000,10407.0,227.0,6,100.0,False,8,car,0.3556361896654458,OnTrack,4673.3732481013385,4188.23385571037,-48.046508642595796,1913.694454094597
2024-03-01 16:59:40.636,0 days 01:13:04.963000,44,432.44166567111273,0 days 00:00:30.838000,10409.4750048,227.4125008,6,100.0,False,8,pos,0.3564102474597825,OnTrack,4632.0,4189.0,-49.0,1917.8636832759305
2024-03-01 16:59:40.730,0 days 01:13:05.057000,44,431.710555555557,0 days 00:00:30.932000,10413.0,228.0,6,100.0,False,8,car,0.35752012343897654,OnTrack,4574.27332798876,4190.165427758424,-50.62355060692947,1923.8170166092636
2024-03-01 16:59:40.796,0 days 01:13:05.123000,44,431.1788878577792,0 days 00:00:30.998000,10514.200196266667,230.20000426666667,6,100.0,False,8,pos,0.35831352982882897,OnTrack,4530.0,4189.0,-52.0,1928.0373500208193
2024-03-01 16:59:40.970,0 days 01:13:05.297000,44,429.7772222222236,0 days 00:00:31.172000,10781.0,236.0,6,100.0,False,8,car,0.36044517850840585,OnTrack,4384.745510160677,4171.980854849924,-56.714107067539,1939.4440166874858
2024-03-01 16:59:41.176,0 days 01:13:05.503000,44,428.51833280367964,0 days 00:00:31.378000,10825.55801247739,237.9373048903213,6,85.14732917420355,False,8,pos,0.3629874701172573,OnTrack,4222.0,4143.0,-62.0,1953.0593180228764
2024-03-01 16:59:41.289,0 days 01:13:05.616000,44,427.82777777777915,0 days 00:00:31.491000,10850.0,239.0,6,77.0,False,8,car,0.3643824864806579,OnTrack,4170.4711192245395,4132.282904160494,-63.519251193787184,1960.5612624673208
2024-03-01 16:59:41.516,0 days 01:13:05.843000,44,426.944999751112,0 days 00:00:31.718000,10761.0916416,239.0,6,98.7541728,False,8,pos,0.367183362409897,OnTrack,4072.0,4090.0,-67.0,1975.6315402450987
2024-03-01 16:59:41.529,0 days 01:13:05.856000,44,426.8944444444453,0 days 00:00:31.731000,10756.0,239.0,6,100.0,False,8,car,0.36734472445351213,OnTrack,4061.903452435134,4084.7851794070552,-67.42460912245235,1976.4945958006545
2024-03-01 16:59:41.756,0 days 01:13:06.083000,44,426.0116664177786,0 days 00:00:31.958000,10956.7531816,241.8375008,6,100.0,False,8,pos,0.37018632851710237,OnTrack,3848.0,3968.0,-77.0,1991.7437937677653
2024-03-01 16:59:41.849,0 days 01:13:06.176000,44,425.6500000000008,0 days 00:00:32.051000,11039.0,243.0,6,100.0,False,8,car,0.37136047802340655,OnTrack,3798.134071482349,3937.9354588523033,-79.52862577272438,1998.0212937677654
2024-03-01 16:59:42.089,0 days 01:13:06.416000,44,424.9166666666681,0 days 00:00:32.291000,11169.0,246.0,6,100.0,False,8,car,0.37440947610425224,OnTrack,3744.4922415549822,3887.5049852701445,-83.79954961306811,2014.421293767765
2024-03-01 16:59:42.096,0 days 01:13:06.423000,44,424.89722204444587,0 days 00:00:32.298000,11170.4437632,246.0437504,6,100.0,False,8,pos,0.37449863437566266,OnTrack,3742.0,3885.0,-84.0,2014.899712171321
2024-03-01 16:59:42.249,0 days 01:13:06.576000,44,424.4722222222233,0 days 00:00:32.451000,11202.0,247.0,6,100.0,False,8,car,0.37645040435891053,OnTrack,3668.7117690923837,3812.126265564834,-89.72360360760896,2025.397212171321
2024-03-01 16:59:42.356,0 days 01:13:06.683000,44,424.2641665422234,0 days 00:00:32.558000,11244.354192,247.8916672,6,100.0,False,8,pos,0.37782116967188045,OnTrack,3616.0,3757.0,-94.0,2032.7651033908764
2024-03-01 16:59:42.489,0 days 01:13:06.816000,44,424.00555555555684,0 days 00:00:32.691000,11297.0,249.0,6,100.0,False,8,car,0.3795365853431813,OnTrack,3562.6967430701884,3693.161795778454,-98.77406630508843,2041.9642700575432
2024-03-01 16:59:42.536,0 days 01:13:06.863000,44,423.88805539555693,0 days 00:00:32.738000,11344.23506432,249.94000128,6,100.0,False,8,pos,0.38014722677671514,OnTrack,3537.0,3658.0,-101.0,2045.2273756298098
2024-03-01 16:59:42.689,0 days 01:13:07.016000,44,423.5055555555573,0 days 00:00:32.891000,11498.0,253.0,6,100.0,False,8,car,0.3821497171672123,OnTrack,3420.964153776624,3489.384358471196,-110.59224007682565,2055.9798756298096
2024-03-01 16:59:42.696,0 days 01:13:07.023000,44,423.4938887798979,0 days 00:00:32.898000,11499.112159922674,253.0872282292293,6,100.0,False,8,pos,0.3822417801781323,OnTrack,3416.0,3482.0,-111.0,2056.4719896847
2024-03-01 16:59:43.010,0 days 01:13:07.337000,44,422.970555555557,0 days 00:00:33.212000,11549.0,257.0,6,100.0,False,8,car,0.38641010325589004,OnTrack,3284.468519770367,3272.096983203043,-121.95466121699879,2078.888100795811
2024-03-01 16:59:43.196,0 days 01:13:07.523000,44,422.60888864000174,0 days 00:00:33.398000,11606.350039466666,260.1000021333333,6,100.0,False,8,pos,0.3889146944762583,OnTrack,3244.0,3199.0,-126.0,2092.3266009060335
2024-03-01 16:59:43.250,0 days 01:13:07.577000,44,422.50388888889074,0 days 00:00:33.452000,11623.0,261.0,6,100.0,False,8,car,0.38964501585386047,OnTrack,3232.8583065369194,3178.918260480797,-127.26139174716027,2096.241600906033
2024-03-01 16:59:43.490,0 days 01:13:07.817000,44,422.3705555555566,0 days 00:00:33.692000,11828.0,259.0,6,64.0,True,8,car,0.3928551398495477,OnTrack,3176.44938132073,3080.766507736507,-133.29191658135946,2113.5082675727
2024-03-01 16:59:43.555,0 days 01:13:07.882000,44,422.7858345600011,0 days 00:00:33.757000,11372.998656,251.52497792,6,43.19993856,True,8,pos,0.3936747999177938,OnTrack,3150.0,3038.0,-135.0,2118.0496907851443
2024-03-01 16:59:43.690,0 days 01:13:08.017000,44,423.64833333333445,0 days 00:00:33.892000,10428.0,236.0,6,0.0,True,8,car,0.3952926857407388,OnTrack,3077.308075920011,2923.504930361737,-138.57711420721267,2126.8996907851447
2024-03-01 16:59:43.755,0 days 01:13:08.082000,44,424.44278012444585,0 days 00:00:33.957000,10428.0,228.19997696,6,0.0,True,8,pos,0.3960317803387306,OnTrack,3046.0,2875.0,-140.0,2131.019968146922
2024-03-01 16:59:43.890,0 days 01:13:08.217000,44,426.0927777777797,0 days 00:00:34.092000,10428.0,212.0,6,0.0,True,8,car,0.3974823456090968,OnTrack,3004.7618619774375,2813.007451230305,-141.92032876872463,2138.969968146922
2024-03-01 16:59:44.176,0 days 01:13:08.503000,44,431.4950024177795,0 days 00:00:34.378000,10181.3248896,183.3999872,6,0.0,True,8,pos,0.4001704253178416,OnTrack,2966.0,2766.0,-144.0,2153.5400782411443
2024-03-01 16:59:44.210,0 days 01:13:08.537000,44,432.13722222222395,0 days 00:00:34.412000,10152.0,180.0,5,0.0,True,8,car,0.40045697788309265,OnTrack,2957.744191119195,2755.6554777635756,-144.4349484826416,2155.240078241144
2024-03-01 16:59:44.456,0 days 01:13:08.783000,44,436.98889141333524,0 days 00:00:34.658000,10084.96496512,157.24498816,5,0.0,True,8,pos,0.4023318428963866,OnTrack,2882.0,2660.0,-148.0,2165.9851524320775
2024-03-01 16:59:44.610,0 days 01:13:08.937000,44,440.0261111111131,0 days 00:00:34.812000,10043.0,143.0,3,0.0,True,8,car,0.40341095298851903,OnTrack,2844.1109977672604,2615.2119191658035,-148.67828071355333,2172.1023746542996
2024-03-01 16:59:44.736,0 days 01:13:09.063000,44,442.1961133155571,0 days 00:00:34.938000,9601.999552,133.5499904,3,0.0,True,8,pos,0.4042705388529392,OnTrack,2816.0,2585.0,-149.0,2176.7766243183
2024-03-01 16:59:44.770,0 days 01:13:09.097000,44,442.7816666666681,0 days 00:00:34.972000,9483.0,131.0,3,0.0,True,8,car,0.4044933886215565,OnTrack,2808.1921449150727,2577.079018303015,-149.1629203012498,2178.013846540522
2024-03-01 16:59:45.076,0 days 01:13:09.403000,44,446.43666819555733,0 days 00:00:35.278000,7935.7868528,114.7437432,3,0.0,True,8,pos,0.40630001713084135,OnTrack,2734.0,2514.0,-151.0,2187.767064712522
2024-03-01 16:59:45.090,0 days 01:13:09.417000,44,446.60388888889065,0 days 00:00:35.292000,7865.0,114.0,3,0.0,True,8,car,0.40637732239508717,OnTrack,2730.4642203753797,2511.780472862138,-151.01033127676985,2188.2103980458555
2024-03-01 16:59:45.155,0 days 01:13:09.482000,44,447.1816683733351,0 days 00:00:35.357000,7713.513441422222,111.65277084444445,3,0.0,True,8,pos,0.4067319196260234,OnTrack,2713.0,2502.0,-151.0,2190.226350852769
2024-03-01 16:59:45.435,0 days 01:13:09.762000,44,449.67055726222424,0 days 00:00:35.637000,7060.957885866666,101.54165973333333,3,0.0,True,8,pos,0.4081807948008614,OnTrack,2602.0,2461.0,-152.0,2198.124035498695
2024-03-01 16:59:45.450,0 days 01:13:09.777000,44,449.8038888888909,0 days 00:00:35.652000,7026.0,101.0,3,0.0,True,8,car,0.40825505901804704,OnTrack,2596.9946268176736,2459.633096519434,-152.0503567067405,2198.5448688320284
2024-03-01 16:59:45.850,0 days 01:13:10.177000,44,451.91500000000224,0 days 00:00:36.052000,6277.0,91.0,3,0.0,False,8,car,0.4101348613578638,OnTrack,2521.136331091486,2457.3672467489946,-152.89820132394922,2208.6559799431393
2024-03-01 16:59:45.876,0 days 01:13:10.203000,44,452.0016670933356,0 days 00:00:36.078000,6248.8873616,90.6749984,3,0.0,False,8,pos,0.4102536057846762,OnTrack,2517.0,2458.0,-153.0,2209.310854931584
2024-03-01 16:59:46.116,0 days 01:13:10.443000,44,452.8016670933359,0 days 00:00:36.318000,5989.3873616,87.6749984,3,0.0,False,8,pos,0.41133526032889406,OnTrack,2473.0,2471.0,-154.0,2215.1558548249172
2024-03-01 16:59:46.170,0 days 01:13:10.497000,44,452.9816666666693,0 days 00:00:36.372000,5931.0,87.0,3,0.0,False,8,car,0.4115726002902951,OnTrack,2460.3403221523226,2479.951562959667,-153.97214116807132,2216.460854824917
2024-03-01 16:59:46.416,0 days 01:13:10.743000,44,453.3916668800026,0 days 00:00:36.618000,5718.8248896,83.156248,3,0.0,False,8,pos,0.41262138681908883,OnTrack,2401.0,2538.0,-153.0,2222.1431984382502
2024-03-01 16:59:46.490,0 days 01:13:10.817000,44,453.5150000000026,0 days 00:00:36.692000,5655.0,82.0,3,0.0,False,8,car,0.41292771054844873,OnTrack,2390.7322161268685,2550.1686757905895,-152.90828764464774,2223.8287539938055
2024-03-01 16:59:46.690,0 days 01:13:11.017000,44,453.79277777778,0 days 00:00:36.892000,6013.0,79.0,3,14.0,False,8,car,0.41374366870694074,OnTrack,2378.696350153988,2571.6005221059086,-153.08028951799568,2228.2176428826947
2024-03-01 16:59:46.756,0 days 01:13:11.083000,44,453.8294445155578,0 days 00:00:36.958000,6040.2250528,79.8250016,3,15.6500032,False,8,pos,0.41401754761596266,OnTrack,2374.0,2581.0,-153.0,2229.6811012453613
2024-03-01 16:59:46.850,0 days 01:13:11.177000,44,453.88166666666893,0 days 00:00:37.052000,6079.0,81.0,3,18.0,False,8,car,0.41441296096858976,OnTrack,2365.332674776357,2597.7946528997786,-152.7042075451216,2231.7961012453616
2024-03-01 16:59:47.036,0 days 01:13:11.363000,44,453.41666634666893,0 days 00:00:37.238000,6142.70504384,82.39500096,3,24.51000448,False,8,pos,0.41521035328127454,OnTrack,2345.0,2638.0,-152.0,2236.0531762949618
2024-03-01 16:59:47.176,0 days 01:13:11.503000,44,453.0666663466689,0 days 00:00:37.378000,6190.65504384,83.44500096,3,29.41000448,False,8,pos,0.415821974232923,OnTrack,2332.0,2668.0,-152.0,2239.2982596656284
2024-03-01 16:59:47.250,0 days 01:13:11.577000,44,452.88166666666893,0 days 00:00:37.452000,6216.0,84.0,3,32.0,False,8,car,0.41614816312842073,OnTrack,2326.179631467914,2684.2041722193867,-152.04729102256223,2241.024926332295
2024-03-01 16:59:47.336,0 days 01:13:11.663000,44,452.6427774222243,0 days 00:00:37.538000,6470.2378784,85.6125024,3,37.9125088,False,8,pos,0.4165298007713672,OnTrack,2320.0,2703.0,-152.0,2243.0701138896284
2024-03-01 16:59:47.410,0 days 01:13:11.737000,44,452.43722222222414,0 days 00:00:37.612000,6689.0,87.0,3,43.0,False,8,car,0.4168670325946364,OnTrack,2314.833627262841,2718.6993482779244,-151.75915494426056,2244.858447222962
2024-03-01 16:59:47.556,0 days 01:13:11.883000,44,451.8694439466688,0 days 00:00:37.758000,7092.933687466667,91.86667093333334,3,46.04166933333333,False,8,pos,0.4175717017927805,OnTrack,2305.0,2756.0,-151.0,2248.5841510997025
2024-03-01 16:59:47.650,0 days 01:13:11.977000,44,451.5038888888912,0 days 00:00:37.852000,7353.0,95.0,3,48.0,False,8,car,0.41804449120309306,OnTrack,2298.8717172287943,2792.7854966012183,-150.59654772962904,2251.064706655258
2024-03-01 16:59:47.816,0 days 01:13:12.143000,44,450.6738882488912,0 days 00:00:38.018000,7695.7902643200005,99.98000384,3,54.64000512,False,8,pos,0.41890570793196513,OnTrack,2290.0,2864.0,-150.0,2255.6748957212135
2024-03-01 16:59:47.850,0 days 01:13:12.177000,44,450.5038888888912,0 days 00:00:38.052000,7766.0,101.0,3,56.0,False,8,car,0.4190876782158486,OnTrack,2288.8495428136257,2875.176238178222,-149.87737315251997,2256.6287846101022
2024-03-01 16:59:48.089,0 days 01:13:12.416000,44,449.37527777777996,0 days 00:00:38.291000,8012.0,109.0,3,67.0,False,8,car,0.4204330279618532,OnTrack,2287.1473870143927,2920.791722492841,-148.97747638367508,2263.865173498991
2024-03-01 16:59:48.256,0 days 01:13:12.583000,44,448.3547218311132,0 days 00:00:38.458000,8880.922208,116.3062528,3,84.2218816,False,8,pos,0.42145917714390513,OnTrack,2289.0,2957.0,-148.0,2269.2604913372134
2024-03-01 16:59:48.409,0 days 01:13:12.736000,44,447.4197222222242,0 days 00:00:38.611000,9677.0,123.0,3,100.0,False,8,car,0.42246569334908374,OnTrack,2291.5603028628734,3009.9363299683187,-146.71515001246865,2274.4879913372133
2024-03-01 16:59:48.477,0 days 01:13:12.804000,44,446.96638888889083,0 days 00:00:38.679000,9902.371428571429,126.88571428571429,3,100.0,False,8,pos,0.4229337872634101,OnTrack,2294.0,3040.0,-146.0,2276.8847214959437
2024-03-01 16:59:48.689,0 days 01:13:13.016000,44,445.5530555555574,0 days 00:00:38.891000,10605.0,139.0,3,100.0,False,8,car,0.4244756358508879,OnTrack,2307.426916239645,3151.100451254094,-143.31617569441258,2285.070277051499
2024-03-01 16:59:48.716,0 days 01:13:13.043000,44,445.3280550222241,0 days 00:00:38.918000,10721.9440272,141.0250048,3,100.0,False,8,pos,0.4246810697151147,OnTrack,2309.0,3163.0,-143.0,2286.1279645874993
2024-03-01 16:59:48.849,0 days 01:13:13.176000,44,444.21972222222394,0 days 00:00:39.051000,11298.0,151.0,3,100.0,False,8,car,0.4257233288324806,OnTrack,2315.0509452949304,3207.495077160508,-141.6485325328222,2291.7065756986103
2024-03-01 16:59:49.049,0 days 01:13:13.376000,44,442.6086111111131,0 days 00:00:39.251000,11698.0,160.0,3,100.0,False,8,car,0.4273759023180338,OnTrack,2323.5098527168593,3260.1728232289042,-140.0596979018276,2300.595464587499
2024-03-01 16:59:49.057,0 days 01:13:13.384000,44,442.5708333333353,0 days 00:00:39.259000,11664.866666666667,160.16666666666666,3,100.0,False,8,pos,0.42744292979371007,OnTrack,2324.0,3263.0,-140.0,2300.951390513425
2024-03-01 16:59:49.276,0 days 01:13:13.603000,44,441.53666636444655,0 days 00:00:39.478000,10757.8414016,164.729168,3,100.0,False,8,pos,0.42930648809681077,OnTrack,2342.0,3361.0,-138.0,2310.9724149000917
2024-03-01 16:59:49.289,0 days 01:13:13.616000,44,441.47527777777987,0 days 00:00:39.491000,10704.0,165.0,3,100.0,False,8,car,0.42942096200640595,OnTrack,2343.313594521526,3367.6974818251224,-137.79752358405784,2311.568248233425
2024-03-01 16:59:49.489,0 days 01:13:13.816000,44,440.4752777777794,0 days 00:00:39.691000,10424.0,177.0,3,100.0,False,8,car,0.43124912142479926,OnTrack,2365.7347404607926,3476.2269394942437,-133.43362408101726,2321.4015815667585
2024-03-01 16:59:49.577,0 days 01:13:13.904000,44,439.9863887590611,0 days 00:00:39.779000,10771.983494900182,181.01659857702202,3,100.0,False,8,pos,0.4320911476861179,OnTrack,2373.0,3510.0,-132.0,2325.826431754197
2024-03-01 16:59:49.730,0 days 01:13:14.057000,44,439.13638888889045,0 days 00:00:39.932000,11377.0,188.0,4,100.0,False,8,car,0.43358895890865695,OnTrack,2381.060221414574,3545.4920150308653,-130.8162717335423,2333.816431754197
2024-03-01 16:59:49.776,0 days 01:13:14.103000,44,438.9702773155573,0 days 00:00:39.978000,11443.4126848,188.8625024,4,100.0,False,8,pos,0.4340404873094356,OnTrack,2387.0,3572.0,-130.0,2336.229674840419
2024-03-01 16:59:49.890,0 days 01:13:14.217000,44,438.55861111111335,0 days 00:00:40.092000,11608.0,191.0,4,100.0,False,8,car,0.43516716658736027,OnTrack,2412.429344763496,3686.6226154827323,-126.39496353461867,2342.2780081737524
2024-03-01 16:59:49.936,0 days 01:13:14.263000,44,438.48194423111335,0 days 00:00:40.138000,11555.55985408,192.1500032,4,100.0,False,8,pos,0.4356290333095921,OnTrack,2422.0,3730.0,-125.0,2344.7332582146414
2024-03-01 16:59:50.290,0 days 01:13:14.617000,44,437.89194444444684,0 days 00:00:40.492000,11152.0,201.0,4,100.0,False,8,car,0.43931925746981276,OnTrack,2446.24173394762,3844.980155728225,-120.80275134167674,2364.4982582146413
2024-03-01 16:59:50.335,0 days 01:13:14.662000,44,437.8294441777802,0 days 00:00:40.537000,11142.4374592,202.5468816,4,100.0,False,8,pos,0.43980261354918276,OnTrack,2452.0,3872.0,-120.0,2367.030094234641
2024-03-01 16:59:50.575,0 days 01:13:14.902000,44,437.49611084444695,0 days 00:00:40.777000,11091.4374592,210.7968816,4,100.0,False,8,pos,0.44243187238023024,OnTrack,2499.0,4089.0,-114.0,2381.0832196746414
2024-03-01 16:59:50.610,0 days 01:13:14.937000,44,437.4475000000025,0 days 00:00:40.812000,11084.0,212.0,5,100.0,False,8,car,0.44282271325918565,OnTrack,2503.80430036512,4110.751432865045,-113.43746348771626,2383.1443307857526
2024-03-01 16:59:50.895,0 days 01:13:15.222000,44,437.28916656000223,0 days 00:00:41.097000,11305.58764928,219.1250048,5,100.0,False,8,pos,0.44607321576466813,OnTrack,2524.0,4195.0,-112.0,2400.491726999086
2024-03-01 16:59:51.010,0 days 01:13:15.337000,44,437.22527777777987,0 days 00:00:41.212000,11395.0,222.0,5,100.0,False,8,car,0.447408604681596,OnTrack,2539.5554872414596,4259.336156820342,-111.0980215324182,2407.5833936657527
2024-03-01 16:59:51.115,0 days 01:13:15.442000,44,437.2252777777801,0 days 00:00:41.317000,11468.5001344,224.6250048,5,100.0,False,8,pos,0.44863657976855037,OnTrack,2556.0,4328.0,-110.0,2414.1349563057524
2024-03-01 16:59:51.210,0 days 01:13:15.537000,44,437.2252777777803,0 days 00:00:41.412000,11535.0,227.0,5,100.0,False,8,car,0.44975319331422464,OnTrack,2570.09362361578,4387.384442132963,-108.86586577699686,2420.1252340835304
2024-03-01 16:59:51.375,0 days 01:13:15.702000,44,437.22527777778004,0 days 00:00:41.577000,11765.4109824,228.7678592,5,100.0,False,8,pos,0.4517023622439317,OnTrack,2593.0,4488.0,-107.0,2430.610427630197
2024-03-01 16:59:51.490,0 days 01:13:15.817000,44,437.22527777777987,0 days 00:00:41.692000,11926.0,230.0,5,100.0,False,8,car,0.4530789974539006,OnTrack,2608.0441695272593,4560.139638106736,-106.23022156858903,2437.9576498524193
2024-03-01 16:59:51.536,0 days 01:13:15.863000,44,437.2891668444465,0 days 00:00:41.738000,11797.1996416,231.38000384,5,100.0,False,8,pos,0.45363569865421477,OnTrack,2614.0,4589.0,-106.0,2440.9141721237083
2024-03-01 16:59:51.690,0 days 01:13:16.017000,44,437.5030555555577,0 days 00:00:41.892000,11366.0,236.0,5,100.0,False,8,car,0.45551654334509173,OnTrack,2634.089890051959,4684.93159606156,-105.41466389150861,2451.009727679264
2024-03-01 16:59:51.776,0 days 01:13:16.103000,44,437.670278026669,0 days 00:00:41.978000,11211.1997696,236.71666773333334,5,100.0,False,8,pos,0.4565684753417818,OnTrack,2646.0,4743.0,-105.0,2456.6646258528936
2024-03-01 16:59:51.930,0 days 01:13:16.257000,44,437.96972222222485,0 days 00:00:42.132000,10934.0,238.0,6,100.0,False,8,car,0.4584663870168042,OnTrack,2668.3336932139687,4856.497780757178,-104.02161869448524,2466.8457369640046
2024-03-01 16:59:51.935,0 days 01:13:16.262000,44,437.97666693333593,0 days 00:00:42.137000,10936.500096,238.14583893333332,6,100.0,False,8,pos,0.4585287425408125,OnTrack,2669.0,4860.0,-104.0,2467.176495073634
2024-03-01 16:59:52.170,0 days 01:13:16.497000,44,438.30305555555833,0 days 00:00:42.372000,11054.0,245.0,6,100.0,False,8,car,0.46150299079650836,OnTrack,2694.5608588368327,5005.20996590569,-103.97098963374043,2483.16955062919
2024-03-01 16:59:52.235,0 days 01:13:16.562000,44,438.4113892088916,0 days 00:00:42.437000,11079.35007488,245.97500288,6,100.0,False,8,pos,0.46233256276134177,OnTrack,2701.0,5047.0,-104.0,2487.6107659589675
2024-03-01 16:59:52.275,0 days 01:13:16.602000,44,438.4780558755582,0 days 00:00:42.477000,11094.95007488,246.57500288,6,100.0,False,8,pos,0.4628439683685351,OnTrack,2705.0,5074.0,-104.0,2490.3504882131897
2024-03-01 16:59:52.370,0 days 01:13:16.697000,44,438.63638888889136,0 days 00:00:42.572000,11132.0,248.0,6,100.0,False,8,car,0.4640644796991159,OnTrack,2714.7313647722585,5139.307200132974,-104.26521305704743,2496.8949326576344
2024-03-01 16:59:52.515,0 days 01:13:16.842000,44,439.03916720000245,0 days 00:00:42.717000,11223.833454933334,250.01389155555555,6,100.0,False,8,pos,0.4659459962531733,OnTrack,2729.0,5238.0,-105.0,2506.964936623066
2024-03-01 16:59:52.730,0 days 01:13:17.057000,44,439.63638888889136,0 days 00:00:42.932000,11360.0,253.0,6,100.0,False,8,car,0.46876811698237186,OnTrack,2744.6826781162217,5385.790741443804,-105.93647275087828,2522.0746588452885
2024-03-01 16:59:52.736,0 days 01:13:17.063000,44,439.6547226133358,0 days 00:00:42.938000,11362.785773714286,253.0857161142857,6,100.0,False,8,pos,0.46884722117502337,OnTrack,2745.0,5391.0,-106.0,2522.4964683721455
2024-03-01 16:59:53.010,0 days 01:13:17.337000,44,440.49194444444674,0 days 00:00:43.212000,11490.0,257.0,6,100.0,False,8,car,0.4724843416080098,OnTrack,2752.04666262323,5671.160951972259,-110.72892758215366,2542.0570239277013
2024-03-01 16:59:53.035,0 days 01:13:17.362000,44,440.59611191111344,0 days 00:00:43.237000,11490.892864,257.1785728,6,100.0,False,8,pos,0.47281968159883536,OnTrack,2752.0,5689.0,-111.0,2543.8429862388125
2024-03-01 16:59:53.276,0 days 01:13:17.603000,44,441.6002783111137,0 days 00:00:43.478000,11499.500004571428,258.9000009142857,6,100.0,False,8,pos,0.4760470164877787,OnTrack,2743.0,5787.0,-112.0,2561.1749029666853
2024-03-01 16:59:53.290,0 days 01:13:17.617000,44,441.6586111111137,0 days 00:00:43.492000,11500.0,259.0,6,100.0,False,8,car,0.4762294862696448,OnTrack,2741.6318601834028,5794.521054666697,-112.13607616690814,2562.1821251889073
2024-03-01 16:59:53.476,0 days 01:13:17.803000,44,443.41527898666936,0 days 00:00:43.678000,10865.606706285715,248.37142125714286,6,33.57138285714286,False,8,pos,0.4785844119581839,OnTrack,2715.0,5924.0,-115.0,2575.0146486205263
2024-03-01 16:59:53.570,0 days 01:13:17.897000,44,444.30305555555833,0 days 00:00:43.772000,10545.0,243.0,6,0.0,True,8,car,0.4797432706433024,OnTrack,2698.7306678729533,5984.371829005888,-116.37934927931437,2581.3596486205265
2024-03-01 16:59:53.730,0 days 01:13:18.057000,44,446.3475000000021,0 days 00:00:43.932000,10108.0,233.0,6,0.0,True,8,car,0.48166851875397204,OnTrack,2661.833609982349,6083.825315232336,-118.88150308736813,2591.7152041760824
2024-03-01 16:59:53.736,0 days 01:13:18.063000,44,446.45916904889106,0 days 00:00:43.938000,10127.875424,232.3249856,6,0.0,True,8,pos,0.48173794294040817,OnTrack,2660.0,6088.0,-119.0,2592.1024124854157
2024-03-01 16:59:53.890,0 days 01:13:18.217000,44,449.3252777777807,0 days 00:00:44.092000,10638.0,215.0,6,0.0,True,8,car,0.4834450352509417,OnTrack,2601.3525326952085,6207.238555307116,-122.69453869428969,2601.299634707638
2024-03-01 16:59:54.036,0 days 01:13:18.363000,44,452.8536142044469,0 days 00:00:44.238000,11058.967035733333,204.65832426666665,6,0.0,True,8,pos,0.4849719315084795,OnTrack,2550.0,6301.0,-126.0,2609.5996667473414
2024-03-01 16:59:54.130,0 days 01:13:18.457000,44,455.12527777777996,0 days 00:00:44.332000,11330.0,198.0,6,0.0,True,8,car,0.48589910687698834,OnTrack,2531.2892931481115,6331.4706326219475,-127.36159995383903,2614.7696667473415
2024-03-01 16:59:54.296,0 days 01:13:18.623000,44,460.5663930844464,0 days 00:00:44.498000,11449.7572352,181.9928448,6,0.0,True,8,pos,0.4874123293043479,OnTrack,2509.0,6358.0,-129.0,2623.1615590353413
2024-03-01 16:59:54.410,0 days 01:13:18.737000,44,464.3030555555574,0 days 00:00:44.612000,11532.0,171.0,4,0.0,True,8,car,0.4883717699547474,OnTrack,2483.3296290257176,6388.844918258981,-130.32656786180883,2628.5765590353417
2024-03-01 16:59:54.616,0 days 01:13:18.943000,44,472.4858362265751,0 days 00:00:44.818000,10470.970336141834,151.17572520817401,4,0.0,True,8,pos,0.48996058127159386,OnTrack,2411.0,6465.0,-133.0,2637.2271699778094
2024-03-01 16:59:54.649,0 days 01:13:18.976000,44,473.7966666666689,0 days 00:00:44.851000,10301.0,148.0,3,0.0,True,8,car,0.49019848337134087,OnTrack,2395.832074033043,6478.081293984723,-133.42351417541292,2638.583836644476
2024-03-01 16:59:54.876,0 days 01:13:19.203000,44,484.64222528000204,0 days 00:00:45.078000,9391.967925527273,135.61817832727272,3,0.0,True,8,pos,0.4917133342817176,OnTrack,2286.0,6561.0,-136.0,2647.1353162223345
2024-03-01 16:59:55.089,0 days 01:13:19.416000,44,494.8188888888908,0 days 00:00:45.291000,8539.0,124.0,3,0.0,True,8,car,0.4930161211642092,OnTrack,2247.612778217327,6584.158013224219,-136.92836295766,2654.471982889001
2024-03-01 16:59:55.256,0 days 01:13:19.583000,44,503.4008366222242,0 days 00:00:45.458000,7864.31974144,114.81499648,3,0.0,True,8,pos,0.4939987073355502,OnTrack,2222.0,6592.0,-137.0,2659.79812300349
2024-03-01 16:59:55.289,0 days 01:13:19.616000,44,505.0966666666686,0 days 00:00:45.491000,7731.0,113.0,3,0.0,True,8,car,0.4941832511883812,OnTrack,2213.4346345080094,6595.116859498867,-136.98406865993195,2660.8339563368236
2024-03-01 16:59:55.356,0 days 01:13:19.683000,44,508.83750357333525,0 days 00:00:45.558000,7530.239093942857,109.6499968,3,0.0,True,8,pos,0.49454547481960937,OnTrack,2194.0,6602.0,-137.0,2662.8746646106015
2024-03-01 16:59:55.569,0 days 01:13:19.896000,44,520.7300000000018,0 days 00:00:45.771000,6892.0,99.0,3,0.0,True,8,car,0.49561479297024164,OnTrack,2136.028671474724,6613.870401274555,-138.47952918117429,2668.7321646106016
2024-03-01 16:59:55.676,0 days 01:13:20.003000,44,526.941948160002,0 days 00:00:45.878000,6561.36980224,95.78999808,3,0.0,True,8,pos,0.49613443945901203,OnTrack,2109.0,6615.0,-139.0,2671.5792562202014
2024-03-01 16:59:55.769,0 days 01:13:20.096000,44,532.3411111111132,0 days 00:00:45.971000,6274.0,93.0,3,0.0,True,8,car,0.49657535130871944,OnTrack,2086.4979988974555,6613.756043768897,-138.95722699230043,2673.981756220201
2024-03-01 16:59:55.857,0 days 01:13:20.184000,44,537.670000000002,0 days 00:00:46.059000,6106.066666666667,90.8,3,0.0,True,8,pos,0.4969808352708048,OnTrack,2066.0,6610.0,-139.0,2676.2013117757565
2024-03-01 16:59:56.009,0 days 01:13:20.336000,44,546.8744444444465,0 days 00:00:46.211000,5816.0,87.0,3,0.0,True,8,car,0.49765365550804297,OnTrack,2032.4659494269417,6596.741904045427,-139.97653414234043,2679.8746451090897
2024-03-01 16:59:56.016,0 days 01:13:20.343000,44,547.3119485606301,0 days 00:00:46.218000,5811.178377873096,86.82572450143721,3,0.029045916427131335,True,8,pos,0.4976837690902233,OnTrack,2031.0,6596.0,-140.0,2680.0434729067315
2024-03-01 16:59:56.137,0 days 01:13:20.464000,44,554.8744465689283,0 days 00:00:46.339000,5727.834001482888,83.81327716203211,3,0.5311204729946485,True,8,pos,0.4981921950121415,OnTrack,2007.0,6582.0,-140.0,2682.8605302780106
2024-03-01 16:59:56.250,0 days 01:13:20.577000,44,561.9369444444465,0 days 00:00:46.452000,5650.0,81.0,3,1.0,False,8,car,0.4986617769771519,OnTrack,1987.4169580356618,6567.79398271358,-140.19625960681546,2685.4030302780106
2024-03-01 16:59:56.410,0 days 01:13:20.737000,44,571.9369444444465,0 days 00:00:46.612000,5583.0,81.0,3,1.0,False,8,car,0.49933106923880094,OnTrack,1962.3621649526076,6541.221316512194,-140.88123409678707,2689.0030302780106
2024-03-01 16:59:56.437,0 days 01:13:20.764000,44,573.6769485688909,0 days 00:00:46.639000,5605.500053333333,80.43749866666667,3,2.1250026666666666,False,8,pos,0.4994402859204168,OnTrack,1958.0,6535.0,-141.0,2689.6063115180104
2024-03-01 16:59:56.650,0 days 01:13:20.977000,44,587.4036111111132,0 days 00:00:46.852000,5783.0,76.0,3,11.0,False,8,car,0.5002730361255663,OnTrack,1923.6799574653194,6472.673913322579,-141.8785170693244,2694.102978184677
2024-03-01 16:59:56.696,0 days 01:13:21.023000,44,590.3169525511131,0 days 00:00:46.898000,5827.083456,76.5750016,3,13.3000064,False,8,pos,0.5004569471729232,OnTrack,1918.0,6461.0,-142.0,2695.081436538455
2024-03-01 16:59:56.890,0 days 01:13:21.217000,44,602.603611111113,0 days 00:00:47.092000,6013.0,79.0,3,23.0,False,8,car,0.5012521859157566,OnTrack,1904.4445728482335,6429.093106398035,-142.1296672871693,2699.338658760677
2024-03-01 16:59:57.095,0 days 01:13:21.422000,44,613.593899182224,0 days 00:00:47.297000,6238.5002112,80.2812512,3,32.609384,False,8,pos,0.5020998855652536,OnTrack,1896.0,6401.0,-142.0,2703.9102300095656
2024-03-01 16:59:57.210,0 days 01:13:21.537000,44,619.7591666666685,0 days 00:00:47.412000,6365.0,81.0,3,38.0,False,8,car,0.5025907704390548,OnTrack,1888.1800914430692,6376.158782590574,-141.99704826552684,2706.4977300095657
2024-03-01 16:59:57.256,0 days 01:13:21.583000,44,621.7780611733351,0 days 00:00:47.458000,6453.166912,82.1500032,3,38.7666688,False,8,pos,0.5027920247077047,OnTrack,1885.0,6365.0,-142.0,2707.547424494899
2024-03-01 16:59:57.450,0 days 01:13:21.777000,44,630.2925000000014,0 days 00:00:47.652000,6825.0,87.0,3,42.0,False,8,car,0.5036690746383783,OnTrack,1873.3307525067455,6314.347121704642,-142.00169071723747,2712.2357578282326
2024-03-01 16:59:57.476,0 days 01:13:21.803000,44,631.2241712533347,0 days 00:00:47.678000,6901.0503744,87.812504,3,43.4625072,False,8,pos,0.5037895306634347,OnTrack,1872.0,6308.0,-142.0,2712.8699592460102
2024-03-01 16:59:57.610,0 days 01:13:21.937000,44,636.025833333335,0 days 00:00:47.812000,7293.0,92.0,3,51.0,False,8,car,0.5044292584417328,OnTrack,1865.9655416368303,6278.201193717625,-141.98662078515432,2716.2944036904546
2024-03-01 16:59:57.675,0 days 01:13:22.002000,44,637.8855610488905,0 days 00:00:47.877000,7355.833518933333,94.97917546666666,3,53.70834133333334,False,8,pos,0.504761142460359,OnTrack,1863.0,6263.0,-142.0,2718.009305469714
2024-03-01 16:59:57.850,0 days 01:13:22.177000,44,642.8925000000017,0 days 00:00:48.052000,7525.0,103.0,3,61.0,False,8,car,0.5057058714593227,OnTrack,1854.1605913589515,6215.214612557141,-142.04542896927728,2723.0162499141584
2024-03-01 16:59:57.875,0 days 01:13:22.202000,44,643.5175048000018,0 days 00:00:48.077000,7637.3446128,103.6250048,3,63.343768,False,8,pos,0.5058419913116564,OnTrack,1853.0,6208.0,-142.0,2723.735868003047
2024-03-01 16:59:58.010,0 days 01:13:22.337000,44,646.8925000000017,0 days 00:00:48.212000,8244.0,107.0,3,76.0,False,8,car,0.5065899982740937,OnTrack,1847.6022814142136,6168.317172729117,-141.42394503709642,2727.7483680030473
2024-03-01 16:59:58.116,0 days 01:13:22.443000,44,649.012502560002,0 days 00:00:48.318000,8571.937896,113.625008,3,81.3000064,False,8,pos,0.5072199603420261,OnTrack,1844.0,6139.0,-141.0,2731.0939932386027
2024-03-01 16:59:58.170,0 days 01:13:22.497000,44,650.092500000002,0 days 00:00:48.372000,8739.0,117.0,3,84.0,False,8,car,0.5075567537631424,OnTrack,1842.2711039489361,6125.436248723298,-140.91003527073016,2732.848993238603
2024-03-01 16:59:58.396,0 days 01:13:22.723000,44,652.6036125333351,0 days 00:00:48.598000,10085.1132624,128.3000064,3,95.3000064,False,8,pos,0.5090796618221166,OnTrack,1835.0,6071.0,-141.0,2740.9033825292695
2024-03-01 16:59:58.490,0 days 01:13:22.817000,44,653.6480555555572,0 days 00:00:48.692000,10645.0,133.0,3,100.0,False,8,car,0.5097546764989281,OnTrack,1831.225017474591,6042.505936889515,-140.84730888815852,2744.3761603070475
2024-03-01 16:59:58.715,0 days 01:13:23.042000,44,654.523056302224,0 days 00:00:48.917000,11316.875573333333,143.62500906666668,3,100.0,False,8,pos,0.5114528247464837,OnTrack,1820.0,5949.0,-140.0,2753.352723373714
2024-03-01 16:59:58.850,0 days 01:13:23.177000,44,655.0480555555573,0 days 00:00:49.052000,11720.0,150.0,3,100.0,False,14,car,0.5125433942557992,OnTrack,1811.7386079693943,5867.002512119543,-139.3348365624638,2758.977723373714
2024-03-01 16:59:58.936,0 days 01:13:23.263000,44,654.9047220088905,0 days 00:00:49.138000,11720.43000064,156.88001024,3,100.0,False,14,pos,0.5132705059833321,OnTrack,1807.0,5819.0,-139.0,2762.725412507225
2024-03-01 16:59:59.050,0 days 01:13:23.377000,44,654.7147222222238,0 days 00:00:49.252000,11721.0,166.0,3,100.0,False,14,car,0.5142579392470608,OnTrack,1802.3022716776752,5772.919613424876,-138.785501847884,2767.9820791738916
2024-03-01 16:59:59.210,0 days 01:13:23.537000,44,654.3591666666689,0 days 00:00:49.412000,10881.0,170.0,4,100.0,False,12,car,0.5156626267097809,OnTrack,1798.2219631353225,5735.150119709569,-138.88840071295456,2775.537634729447
2024-03-01 16:59:59.376,0 days 01:13:23.703000,44,653.5752771733356,0 days 00:00:49.578000,11259.1690416,177.2625056,4,100.0,False,12,pos,0.5172080076064739,OnTrack,1790.0,5638.0,-139.0,2783.7114058210027
2024-03-01 16:59:59.496,0 days 01:13:23.823000,44,653.008610506669,0 days 00:00:49.698000,11532.5440416,182.5125056,4,100.0,False,12,pos,0.5183703058510253,OnTrack,1781.0,5524.0,-139.0,2789.7951560076694
2024-03-01 16:59:59.530,0 days 01:13:23.857000,44,652.848055555558,0 days 00:00:49.732000,11610.0,184.0,4,100.0,False,12,car,0.5187033619231989,OnTrack,1778.821123363853,5495.549671138696,-138.99808164122055,2791.5329337854473
2024-03-01 16:59:59.930,0 days 01:13:24.257000,44,650.848055555558,0 days 00:00:50.132000,11215.0,197.0,4,100.0,False,12,car,0.5227728241313737,OnTrack,1767.3754128146722,5315.9940652021205,-138.99946664021468,2813.421822674336
2024-03-01 16:59:59.976,0 days 01:13:24.303000,44,650.5669436622246,0 days 00:00:50.178000,11226.73003264,199.07000576,4,100.0,False,12,pos,0.5232662719617308,OnTrack,1766.0,5293.0,-139.0,2815.965494970158
2024-03-01 17:00:00.330,0 days 01:13:24.657000,44,648.4036111111136,0 days 00:00:50.532000,11317.0,215.0,5,100.0,False,12,car,0.527214115373798,OnTrack,1751.3542390278067,5058.464034978484,-139.00012928510318,2837.1071616368245
2024-03-01 17:00:00.396,0 days 01:13:24.723000,44,647.9819436266691,0 days 00:00:50.598000,11400.16016128,216.98000384,5,100.0,False,12,pos,0.527961505723869,OnTrack,1749.0,5019.0,-139.0,2841.085128373891
2024-03-01 17:00:00.530,0 days 01:13:24.857000,44,647.1258333333358,0 days 00:00:50.732000,11569.0,221.0,5,100.0,False,12,car,0.5294967325007185,OnTrack,1745.187145304216,4950.996930506552,-138.99991092488963,2849.3112394850023
2024-03-01 17:00:00.736,0 days 01:13:25.063000,44,645.5808323733356,0 days 00:00:50.938000,11850.533508266666,229.58333866666666,5,100.0,False,12,pos,0.5319479275066031,OnTrack,1740.0,4856.0,-139.0,2862.448508308706
2024-03-01 17:00:00.770,0 days 01:13:25.097000,44,645.3258333333356,0 days 00:00:50.972000,11897.0,231.0,5,100.0,False,12,car,0.5323598160644395,OnTrack,1738.9289003048218,4837.9264066761225,-139.00000503559025,2864.6301749753725
2024-03-01 17:00:00.936,0 days 01:13:25.263000,44,644.0347212266688,0 days 00:00:51.138000,11253.749504,235.7428608,5,100.0,False,12,pos,0.5343937893422901,OnTrack,1733.0,4740.0,-139.0,2875.5005402233724
2024-03-01 17:00:01.050,0 days 01:13:25.377000,44,643.1480555555577,0 days 00:00:51.252000,10812.0,239.0,5,100.0,False,12,car,0.5358157603661028,OnTrack,1728.7145062141265,4665.247265779418,-138.9999996667282,2883.068873556706
2024-03-01 17:00:01.096,0 days 01:13:25.423000,44,642.7647212170449,0 days 00:00:51.298000,10853.388579707094,240.15288522860988,5,100.0,False,12,pos,0.5363958716105424,OnTrack,1727.0,4635.0,-139.0,2886.1374937568494
2024-03-01 17:00:01.256,0 days 01:13:25.583000,44,641.4313880975797,0 days 00:00:51.458000,10997.34845636516,244.16290964805458,5,100.0,False,12,pos,0.5384419734681876,OnTrack,1721.0,4527.0,-139.0,2896.989178630096
2024-03-01 17:00:01.449,0 days 01:13:25.776000,44,639.8230555555579,0 days 00:00:51.651000,11171.0,249.0,6,100.0,False,12,car,0.5409465362524528,OnTrack,1712.1109426364985,4345.175030438179,-138.99999995984695,2910.338345296763
2024-03-01 17:00:01.576,0 days 01:13:25.903000,44,638.729443893336,0 days 00:00:51.778000,11328.48007936,252.1750016,6,100.0,False,12,pos,0.5426072171889221,OnTrack,1707.0,4237.0,-139.0,2919.234518964318
2024-03-01 17:00:01.649,0 days 01:13:25.976000,44,638.1008333333361,0 days 00:00:51.851000,11419.0,254.0,6,100.0,False,12,car,0.5435699966607686,OnTrack,1704.8206156397705,4191.206604534566,-139.00000001037165,2924.3850745198733
2024-03-01 17:00:01.916,0 days 01:13:26.243000,44,635.6533327466694,0 days 00:00:52.118000,11592.5500416,259.0062512,6,100.0,False,12,pos,0.5471507919979982,OnTrack,1699.0,4063.0,-139.0,2943.594704817207
2024-03-01 17:00:01.969,0 days 01:13:26.296000,44,635.1675000000027,0 days 00:00:52.171000,11627.0,260.0,6,100.0,False,12,car,0.547866687723207,OnTrack,1697.3860780314146,4023.894238489156,-138.99999999921727,2947.4224825949846
2024-03-01 17:00:02.097,0 days 01:13:26.424000,44,634.0652777777804,0 days 00:00:52.299000,11104.333333333334,261.6,6,100.0,False,12,pos,0.5495983863888354,OnTrack,1693.0,3918.0,-139.0,2956.723815928318
2024-03-01 17:00:02.209,0 days 01:13:26.536000,44,633.1008333333357,0 days 00:00:52.411000,10647.0,263.0,6,100.0,False,12,car,0.5511263889234609,OnTrack,1689.3142558381548,3837.1585330375124,-139.00000000027424,2964.90603815054
2024-03-01 17:00:02.397,0 days 01:13:26.724000,44,631.4819444444469,0 days 00:00:52.599000,10700.266666666666,267.7,6,100.0,False,12,pos,0.5537336069282695,OnTrack,1683.0,3712.0,-139.0,2978.8859270394287
2024-03-01 17:00:02.449,0 days 01:13:26.776000,44,631.0341666666691,0 days 00:00:52.651000,10715.0,269.0,7,100.0,False,12,car,0.5544604559305646,OnTrack,1681.0480800018545,3673.9483203950153,-138.99999999997905,2982.7714825949847
2024-03-01 17:00:02.576,0 days 01:13:26.903000,44,629.9758325589584,0 days 00:00:52.778000,10795.448457440218,270.8078305042746,7,100.0,False,12,pos,0.5562424735473938,OnTrack,1676.0,3577.0,-139.0,2992.3249810599964
2024-03-01 17:00:02.730,0 days 01:13:27.057000,44,628.6925000000024,0 days 00:00:52.932000,10893.0,273.0,7,100.0,False,12,car,0.5584221393617285,OnTrack,1669.7683638220037,3460.8192711967736,-139.00000000000136,3004.00331439333
2024-03-01 17:00:02.776,0 days 01:13:27.103000,44,628.296387786669,0 days 00:00:52.978000,10926.4938432,273.8625024,7,100.0,False,12,pos,0.5590786609160106,OnTrack,1668.0,3426.0,-139.0,3007.5026685906632
2024-03-01 17:00:03.036,0 days 01:13:27.363000,44,626.0574988977799,0 days 00:00:53.238000,11115.8063432,278.7375024,7,100.0,False,12,pos,0.5628296102794558,OnTrack,1659.0,3226.0,-139.0,3027.633710430663
2024-03-01 17:00:03.050,0 days 01:13:27.377000,44,625.9369444444465,0 days 00:00:53.252000,11126.0,279.0,7,100.0,False,12,car,0.563032819386422,OnTrack,1658.5228569509395,3215.1124414749534,-139.00000000000006,3028.718710430663
2024-03-01 17:00:03.250,0 days 01:13:27.577000,44,624.2147222222247,0 days 00:00:53.452000,11204.0,282.0,7,100.0,False,12,car,0.5659454801547097,OnTrack,1651.7736176698547,3058.6201312842295,-139.00000000000003,3044.3853770973296
2024-03-01 17:00:03.275,0 days 01:13:27.602000,44,624.0133317866691,0 days 00:00:53.477000,11207.90628,282.1562512,7,100.0,False,12,pos,0.5663103568164548,OnTrack,1651.0,3039.0,-139.0,3046.3447955084407
2024-03-01 17:00:03.375,0 days 01:13:27.702000,44,623.2077762311134,0 days 00:00:53.577000,11223.53128,282.7812512,7,100.0,False,12,pos,0.5677714653063337,OnTrack,1648.0,2961.0,-139.0,3054.1998302639963
2024-03-01 17:00:03.410,0 days 01:13:27.737000,44,622.9258333333355,0 days 00:00:53.612000,11229.0,283.0,7,100.0,False,12,car,0.5682838716367675,OnTrack,1646.8427152442252,2934.511498112991,-139.0,3056.9512191528856
2024-03-01 17:00:03.536,0 days 01:13:27.863000,44,621.8758322666692,0 days 00:00:53.738000,11344.92011776,284.26000128,7,100.0,False,12,pos,0.5701338419152343,OnTrack,1642.0,2834.0,-139.0,3066.9003191976853
2024-03-01 17:00:03.610,0 days 01:13:27.937000,44,621.2591666666694,0 days 00:00:53.812000,11413.0,285.0,7,100.0,False,12,car,0.5712275181579093,OnTrack,1638.6201045598211,2758.29523048305,-139.00000000000037,3072.7586525310185
2024-03-01 17:00:03.770,0 days 01:13:28.097000,44,619.8369444444465,0 days 00:00:53.972000,11434.0,289.0,7,100.0,False,12,car,0.5736154868445338,OnTrack,1630.798497862394,2572.4419534626472,-139.0000000000008,3085.6030969754634
2024-03-01 17:00:03.816,0 days 01:13:28.143000,44,619.4024987911132,0 days 00:00:54.018000,11457.000064,289.6571446857143,7,100.0,False,12,pos,0.5743071793097146,OnTrack,1629.0,2530.0,-139.0,3089.304271602003
2024-03-01 17:00:04.050,0 days 01:13:28.377000,44,617.1925000000024,0 days 00:00:54.252000,11574.0,293.0,7,100.0,False,12,car,0.577852272118121,OnTrack,1623.2793106544361,2402.3138703970594,-138.99999999999142,3108.3492716020032
2024-03-01 17:00:04.155,0 days 01:13:28.482000,44,616.2008315200025,0 days 00:00:54.357000,11289.62448,293.8750016,7,100.0,False,12,pos,0.579449332914233,OnTrack,1620.0,2335.0,-139.0,3116.9206258153363
2024-03-01 17:00:04.290,0 days 01:13:28.617000,44,614.925833333336,0 days 00:00:54.492000,10924.0,295.0,7,100.0,False,12,car,0.5815085909549074,OnTrack,1613.6574294202528,2206.0747329925366,-139.00000000003098,3127.9831258153363
2024-03-01 17:00:04.475,0 days 01:13:28.802000,44,613.0758314133355,0 days 00:00:54.677000,10606.72467072,296.85000192,7,100.0,False,12,pos,0.5843453082809805,OnTrack,1604.0,2012.0,-139.0,3143.23791758067
2024-03-01 17:00:04.490,0 days 01:13:28.817000,44,612.9258333333355,0 days 00:00:54.692000,10581.0,297.0,8,100.0,False,12,car,0.5845761804874657,OnTrack,1603.3564315055482,1999.2568711539272,-138.99999999998667,3144.47541758067
2024-03-01 17:00:04.810,0 days 01:13:29.137000,44,609.5480555555582,0 days 00:00:55.012000,10732.0,300.0,8,100.0,False,12,car,0.5895339009441254,OnTrack,1592.9422673503634,1797.6570296830316,-138.9999999998798,3171.1420842473367
2024-03-01 17:00:04.836,0 days 01:13:29.163000,44,609.2663875022249,0 days 00:00:55.038000,10736.2714496,300.2785728,8,100.0,False,12,pos,0.5899393085963707,OnTrack,1592.0,1779.0,-139.0,3173.31076282867
2024-03-01 17:00:05.055,0 days 01:13:29.382000,44,606.8938868088916,0 days 00:00:55.257000,10772.250031542857,302.62500205714286,8,100.0,False,12,pos,0.5933666265842759,OnTrack,1583.0,1595.0,-139.0,3191.7204504538126
2024-03-01 17:00:05.090,0 days 01:13:29.417000,44,606.5147222222249,0 days 00:00:55.292000,10778.0,303.0,8,100.0,False,12,car,0.5939152863976985,OnTrack,1581.6151741913873,1565.089534907773,-138.9999999989594,3194.6662837871463
2024-03-01 17:00:05.250,0 days 01:13:29.577000,44,604.7813888888913,0 days 00:00:55.452000,10773.0,304.0,8,100.0,False,12,car,0.5964271980957394,OnTrack,1575.6206806159885,1431.0393626669534,-138.99999999356956,3208.1773948982573
2024-03-01 17:00:05.315,0 days 01:13:29.642000,44,604.0411089244469,0 days 00:00:55.517000,10787.263931022222,304.54166826666665,8,100.0,False,12,pos,0.5974525416871327,OnTrack,1573.0,1376.0,-139.0,3213.676063908628
2024-03-01 17:00:05.476,0 days 01:13:29.803000,44,602.2074985422247,0 days 00:00:55.678000,10822.594472533334,305.8833344,8,100.0,False,12,pos,0.6000057409187526,OnTrack,1566.0,1240.0,-139.0,3227.3558463637382
2024-03-01 17:00:05.610,0 days 01:13:29.937000,44,600.6813888888914,0 days 00:00:55.812000,10852.0,307.0,8,100.0,False,12,car,0.602134773771469,OnTrack,1560.685763694759,1138.86596273847,-138.99999983468066,3238.7830685859603
2024-03-01 17:00:05.676,0 days 01:13:30.003000,44,599.9113873955579,0 days 00:00:55.878000,10881.2875568,307.4125008,8,100.0,False,12,pos,0.6031832492655753,OnTrack,1557.0,1070.0,-139.0,3244.4189644339604
2024-03-01 17:00:05.770,0 days 01:13:30.097000,44,598.8147222222242,0 days 00:00:55.972000,10923.0,308.0,8,100.0,False,12,car,0.6046797369392211,OnTrack,1549.598098964591,933.1785147006897,-139.00000073572286,3252.4611866561827
2024-03-01 17:00:05.855,0 days 01:13:30.182000,44,597.8230533155576,0 days 00:00:56.057000,10951.569508977778,308.47222328888887,8,100.0,False,12,pos,0.6060407269006722,OnTrack,1543.0,813.0,-139.0,3259.744558594948
2024-03-01 17:00:06.130,0 days 01:13:30.457000,44,594.6147222222244,0 days 00:00:56.332000,11044.0,310.0,8,100.0,False,12,car,0.610443086970088,OnTrack,1533.38647398644,650.1857859508397,-138.99999229453312,3283.4251141505038
2024-03-01 17:00:06.176,0 days 01:13:30.503000,44,594.2824990755578,0 days 00:00:56.378000,10962.062272,307.9874944,8,85.62496,False,12,pos,0.6111658277511021,OnTrack,1532.0,624.0,-139.0,3287.3605099122815
2024-03-01 17:00:06.415,0 days 01:13:30.742000,44,592.5563875022248,0 days 00:00:56.617000,10536.343408,297.5312416,8,10.937439999999993,False,12,pos,0.6148219401680656,OnTrack,1523.0,435.0,-139.0,3307.113278451837
2024-03-01 17:00:06.450,0 days 01:13:30.777000,44,592.3036111111137,0 days 00:00:56.652000,10474.0,296.0,8,0.0,True,8,car,0.6153347044873256,OnTrack,1521.7192063159914,407.0058812695636,-138.99995423596334,3309.991056229615
2024-03-01 17:00:06.730,0 days 01:13:31.057000,44,592.6147222222248,0 days 00:00:56.932000,10052.0,267.0,8,0.0,True,8,car,0.6191955292929494,OnTrack,1516.3303471045238,187.6256643830114,-138.99982401242428,3330.757722896282
2024-03-01 17:00:06.756,0 days 01:13:31.083000,44,592.8747235022248,0 days 00:00:56.958000,10078.8358464,264.1214144,8,0.0,True,8,pos,0.6195311001973957,OnTrack,1517.0,164.0,-139.0,3332.665266444726
2024-03-01 17:00:06.936,0 days 01:13:31.263000,44,594.6747235022247,0 days 00:00:57.138000,10264.621560685715,244.19284297142858,8,0.0,True,8,pos,0.6217469118381506,OnTrack,1527.0,-6.0,-139.0,3344.8749085932973
2024-03-01 17:00:07.010,0 days 01:13:31.337000,44,595.4147222222246,0 days 00:00:57.212000,10341.0,236.0,8,0.0,True,8,car,0.622608093540617,OnTrack,1531.8376829372662,-57.55275421232099,-138.9960187118955,3349.726019704409
2024-03-01 17:00:07.316,0 days 01:13:31.643000,44,600.7697244622244,0 days 00:00:57.518000,11465.5504704,208.2687384,8,0.0,True,8,pos,0.6258881534043286,OnTrack,1556.0,-180.0,-139.0,3367.4288624684086
2024-03-01 17:00:07.330,0 days 01:13:31.657000,44,601.0147222222245,0 days 00:00:57.532000,11517.0,207.0,6,0.0,True,8,car,0.6260289206557121,OnTrack,1557.4901105989888,-186.3459541110268,-139.00447618139253,3368.2338624684085
2024-03-01 17:00:07.476,0 days 01:13:31.803000,44,602.1502787733357,0 days 00:00:57.678000,11218.003904533334,198.7874928,6,0.30416693333333333,True,8,pos,0.627452199675122,OnTrack,1578.0,-262.0,-139.0,3376.2957996764085
2024-03-01 17:00:07.756,0 days 01:13:32.083000,44,604.3280565511136,0 days 00:00:57.958000,10644.587237866666,183.0374928,6,0.8875002666666667,True,8,pos,0.6300072208259595,OnTrack,1661.0,-433.0,-138.0,3390.5320491164084
2024-03-01 17:00:07.810,0 days 01:13:32.137000,44,604.748055555558,0 days 00:00:58.012000,10534.0,180.0,4,1.0,True,8,car,0.6304908690667059,OnTrack,1675.8457833818754,-456.3124420947902,-137.7712365270647,3393.2320491164087
2024-03-01 17:00:08.050,0 days 01:13:32.377000,44,606.0813888888911,0 days 00:00:58.252000,9974.0,171.0,4,2.0,True,8,car,0.632610294561928,OnTrack,1728.6169534317453,-508.37177297869556,-136.7735987033775,3404.632049116409
2024-03-01 17:00:08.216,0 days 01:13:32.543000,44,606.21972230423,0 days 00:00:58.418000,10043.821768410604,167.76322927897863,4,20.958228508839486,True,8,pos,0.6340326179310335,OnTrack,1775.0,-537.0,-136.0,3412.3677980220505
2024-03-01 17:00:08.376,0 days 01:13:32.703000,44,606.3530556137936,0 days 00:00:58.578000,10111.119806552459,164.6434526763761,4,39.23120575265413,True,8,pos,0.6353757230322312,OnTrack,1841.0,-575.0,-135.0,3419.6852848076674
2024-03-01 17:00:08.409,0 days 01:13:32.736000,44,606.3805555555577,0 days 00:00:58.611000,10125.0,164.0,4,43.0,False,8,car,0.6356508232036603,OnTrack,1860.3956792473632,-583.8509651698815,-134.6629684628801,3421.1886181410005
2024-03-01 17:00:08.569,0 days 01:13:32.896000,44,606.4250000000025,0 days 00:00:58.771000,10061.0,161.0,4,59.0,False,8,car,0.6369811448595306,OnTrack,1975.6963341449386,-628.4007678615103,-132.51073397651345,3428.344173696556
2024-03-01 17:00:08.617,0 days 01:13:32.944000,44,606.2383333333357,0 days 00:00:58.819000,10135.133333333333,161.66666666666666,4,61.53333333333333,False,8,pos,0.6373844590121145,OnTrack,2004.0,-639.0,-132.0,3430.4997292521116
2024-03-01 17:00:08.929,0 days 01:13:33.256000,44,605.0250000000024,0 days 00:00:59.131000,10617.0,166.0,4,78.0,False,8,car,0.6400673258438013,OnTrack,2081.74198809036,-665.6435578691368,-131.02352969656476,3444.8863959187784
2024-03-01 17:00:09.056,0 days 01:13:33.383000,44,604.1783329066689,0 days 00:00:59.258000,10683.6750336,169.1750016,4,79.5875008,False,8,pos,0.6411844348657708,OnTrack,2140.0,-667.0,-130.0,3450.8545140307783
2024-03-01 17:00:09.169,0 days 01:13:33.496000,44,603.425000000002,0 days 00:00:59.371000,10743.0,172.0,4,81.0,False,8,car,0.642199145640165,OnTrack,2228.0710473961194,-667.0212641511422,-128.26035979870713,3456.253402919667
2024-03-01 17:00:09.256,0 days 01:13:33.583000,44,602.4583324020581,0 days 00:00:59.458000,10935.267089142682,175.09608839199166,4,86.88256794478416,False,8,pos,0.6429989573587088,OnTrack,2294.0,-666.0,-127.0,3460.4848917224735
2024-03-01 17:00:09.450,0 days 01:13:33.777000,44,600.3027777777802,0 days 00:00:59.652000,11364.0,182.0,4,100.0,False,8,car,0.6448402679276076,OnTrack,2371.9470864115215,-659.7754330388838,-125.97314363152108,3470.2926695002516
2024-03-01 17:00:09.656,0 days 01:13:33.983000,44,597.3844426311136,0 days 00:00:59.858000,11636.9501696,188.08636741818182,4,100.0,False,8,pos,0.6468819662488391,OnTrack,2436.0,-639.0,-125.0,3481.055389413625
2024-03-01 17:00:09.890,0 days 01:13:34.217000,44,594.0694444444471,0 days 00:01:00.092000,11947.0,195.0,4,100.0,False,8,car,0.6492712305857473,OnTrack,2585.6472488185937,-587.3969598835334,-121.09013459246813,3493.7303894136253
2024-03-01 17:00:09.895,0 days 01:13:34.222000,44,593.994441564447,0 days 00:01:00.097000,11935.124544,195.156256,4,100.0,False,8,pos,0.6493226051924064,OnTrack,2589.0,-586.0,-121.0,3494.001439769181
2024-03-01 17:00:10.050,0 days 01:13:34.377000,44,591.6694444444465,0 days 00:01:00.252000,11567.0,200.0,4,100.0,False,8,car,0.6509238040713006,OnTrack,2689.810178515607,-536.8535862949159,-118.29236701305175,3502.6125508802925
2024-03-01 17:00:10.250,0 days 01:13:34.577000,44,588.7250000000022,0 days 00:01:00.452000,10706.0,204.0,4,100.0,False,8,car,0.6530308352653809,OnTrack,2803.0724420814954,-466.9774224509814,-115.09001009661749,3513.9458842136255
2024-03-01 17:00:10.256,0 days 01:13:34.583000,44,588.6383314844467,0 days 00:01:00.458000,10711.425115733333,204.1500032,4,100.0,False,8,pos,0.6530949130398042,OnTrack,2806.0,-465.0,-115.0,3514.286134218959
2024-03-01 17:00:10.490,0 days 01:13:34.817000,44,585.258333333335,0 days 00:01:00.692000,10923.0,210.0,5,100.0,False,8,car,0.6556336385051272,OnTrack,2899.133395438838,-393.4232460022722,-111.76457604217832,3527.936134218959
2024-03-01 17:00:10.635,0 days 01:13:34.962000,44,583.083330453335,0 days 00:01:00.837000,11169.5003264,214.531256,5,100.0,False,8,pos,0.6572422068578206,OnTrack,2945.0,-352.0,-110.0,3536.5769764745146
2024-03-01 17:00:10.650,0 days 01:13:34.977000,44,582.8583333333349,0 days 00:01:00.852000,11195.0,215.0,5,100.0,False,8,car,0.657410155002097,OnTrack,2949.503662222969,-347.7641313571911,-109.82704691321878,3537.4728098078476
2024-03-01 17:00:10.975,0 days 01:13:35.302000,44,578.8861087644464,0 days 00:01:01.177000,11404.444568177778,220.41666986666667,5,100.0,False,8,pos,0.6611145460454992,OnTrack,3046.0,-246.0,-106.0,3557.3715369485885
2024-03-01 17:00:11.010,0 days 01:13:35.337000,44,578.4583333333353,0 days 00:01:01.212000,11427.0,221.0,5,100.0,False,8,car,0.6615188658305539,OnTrack,3058.596270641848,-231.0543182631732,-105.45765952397488,3559.5201480596997
2024-03-01 17:00:11.170,0 days 01:13:35.497000,44,576.4583333333353,0 days 00:01:01.372000,11495.0,225.0,5,100.0,False,8,car,0.6633780110018013,OnTrack,3121.137026034681,-152.4565620951273,-102.54131669038844,3569.5201480596997
2024-03-01 17:00:11.196,0 days 01:13:35.523000,44,576.1911097955574,0 days 00:01:01.398000,11518.833450666667,225.3250016,5,100.0,False,8,pos,0.6636818648776149,OnTrack,3131.0,-139.0,-102.0,3571.1474952934777
2024-03-01 17:00:11.410,0 days 01:13:35.737000,44,573.9916666666677,0 days 00:01:01.612000,11715.0,228.0,5,100.0,False,8,car,0.6662039116620974,OnTrack,3205.3435427674,-24.26063591565673,-96.85005282871397,3584.700828626811
2024-03-01 17:00:11.515,0 days 01:13:35.842000,44,573.1458317866677,0 days 00:01:01.717000,11322.749282742858,229.87500342857143,5,100.0,False,8,pos,0.6674583757029939,OnTrack,3238.0,34.0,-94.0,3591.405516226811
2024-03-01 17:00:11.656,0 days 01:13:35.983000,44,572.00999896889,0 days 00:01:01.858000,10796.013807542857,232.39285942857143,5,100.0,False,8,pos,0.6691601585321449,OnTrack,3279.0,115.0,-90.0,3600.507569887763
2024-03-01 17:00:11.690,0 days 01:13:36.017000,44,571.7361111111122,0 days 00:01:01.892000,10669.0,233.0,5,100.0,False,8,car,0.6695730958557691,OnTrack,3288.923954748837,135.916830475029,-89.06386222822303,3602.708125443319
2024-03-01 17:00:11.936,0 days 01:13:36.263000,44,569.7544434133349,0 days 00:01:02.138000,10823.628651885714,237.39285942857143,5,100.0,False,8,pos,0.6725921468230018,OnTrack,3359.0,296.0,-83.0,3618.9299708376047
2024-03-01 17:00:11.970,0 days 01:13:36.297000,44,569.4805555555572,0 days 00:01:02.172000,10845.0,238.0,6,100.0,False,8,car,0.6730145801394336,OnTrack,3367.363982005968,316.50840604171015,-82.30666452223039,3621.1777486153824
2024-03-01 17:00:12.196,0 days 01:13:36.523000,44,567.9738880355567,0 days 00:01:02.398000,10957.2938136,242.2375024,6,100.0,False,8,pos,0.6758553605627022,OnTrack,3417.0,445.0,-78.0,3636.3848807104937
2024-03-01 17:00:12.290,0 days 01:13:36.617000,44,567.3472222222231,0 days 00:01:02.492000,11004.0,244.0,6,100.0,False,8,car,0.6770468594441835,OnTrack,3438.934275902638,502.03570790213837,-75.65886405719023,3642.7559918216043
2024-03-01 17:00:12.530,0 days 01:13:36.857000,44,565.9472222222239,0 days 00:01:02.732000,11114.0,247.0,6,100.0,False,8,car,0.680108251826171,OnTrack,3501.3102123874755,656.1607795341301,-69.13208808354587,3659.222658488271
2024-03-01 17:00:12.536,0 days 01:13:36.863000,44,565.9155548800017,0 days 00:01:02.738000,11117.75008,247.10000213333333,6,100.0,False,8,pos,0.6801853858001357,OnTrack,3503.0,660.0,-69.0,3659.63449182516
2024-03-01 17:00:12.635,0 days 01:13:36.962000,44,565.3930545422236,0 days 00:01:02.837000,11179.62512,248.7500032,6,100.0,False,8,pos,0.6814630017367855,OnTrack,3532.0,723.0,-67.0,3666.47511691316
2024-03-01 17:00:12.770,0 days 01:13:37.097000,44,564.6805555555566,0 days 00:01:02.972000,11264.0,251.0,6,100.0,False,8,car,0.683219221412725,OnTrack,3576.5188799581797,807.5187663451002,-64.05719641079276,3675.88761691316
2024-03-01 17:00:12.915,0 days 01:13:37.242000,44,564.1166659200012,0 days 00:01:03.117000,11335.5938448,252.8125024,6,100.0,False,8,pos,0.6851220870468873,OnTrack,3627.0,893.0,-61.0,3686.070342704271
2024-03-01 17:00:13.090,0 days 01:13:37.417000,44,563.4361111111125,0 days 00:01:03.292000,11422.0,255.0,6,100.0,False,8,car,0.6874332838008858,OnTrack,3692.151121444698,991.4114499341755,-57.73841496457615,3698.4661760376043
2024-03-01 17:00:13.116,0 days 01:13:37.443000,44,563.3783330488902,0 days 00:01:03.318000,11430.64504256,255.13000064,6,100.0,False,8,pos,0.687777135713907,OnTrack,3706.0,1010.0,-57.0,3700.308781597782
2024-03-01 17:00:13.296,0 days 01:13:37.623000,44,562.9783330488899,0 days 00:01:03.498000,11490.49504256,256.03000064,6,100.0,False,8,pos,0.6901609159664136,OnTrack,3830.0,1164.0,-50.0,3713.110281629782
2024-03-01 17:00:13.490,0 days 01:13:37.817000,44,562.5472222222229,0 days 00:01:03.692000,11555.0,257.0,6,100.0,False,8,car,0.6927421761232256,OnTrack,3935.806444708285,1275.9511516884259,-44.02454354297886,3726.9597260742266
2024-03-01 17:00:13.650,0 days 01:13:37.977000,44,562.1916666666671,0 days 00:01:03.852000,11634.0,259.0,6,100.0,False,8,car,0.694882258787017,OnTrack,4005.932607629031,1328.5502911544604,-40.451343869562905,3738.4708371853376
2024-03-01 17:00:13.755,0 days 01:13:38.082000,44,562.1041665066673,0 days 00:01:03.957000,11637.6093816,259.0,6,100.0,False,8,pos,0.6962863125056363,OnTrack,4064.0,1365.0,-38.0,3746.0250038520044
2024-03-01 17:00:13.970,0 days 01:13:38.297000,44,561.9250000000011,0 days 00:01:04.172000,11645.0,259.0,6,100.0,False,8,car,0.6991624241146,OnTrack,4214.222766127898,1446.3890547019644,-32.64958987477493,3761.4930594075595
2024-03-01 17:00:14.130,0 days 01:13:38.457000,44,561.8805555555568,0 days 00:01:04.332000,11505.0,260.0,7,100.0,False,8,car,0.7013107696458192,OnTrack,4319.619247865737,1497.4552537087188,-29.114970472262414,3773.0486149631147
2024-03-01 17:00:14.136,0 days 01:13:38.463000,44,561.8855556622235,0 days 00:01:04.338000,11483.635258514285,260.02142902857145,7,100.0,False,8,pos,0.7013914702066097,OnTrack,4323.0,1499.0,-29.0,3773.4819840114956
2024-03-01 17:00:14.410,0 days 01:13:38.737000,44,562.1138888888904,0 days 00:01:04.612000,10508.0,261.0,7,100.0,False,8,car,0.7050848343434515,OnTrack,4448.362244861743,1546.8064617273344,-24.74367981157455,3793.346984011496
2024-03-01 17:00:14.456,0 days 01:13:38.783000,44,562.1905557688905,0 days 00:01:04.658000,10513.494459733334,261.1277781333333,7,100.0,False,8,pos,0.7057055425092342,OnTrack,4473.0,1554.0,-24.0,3796.683616732089
2024-03-01 17:00:14.770,0 days 01:13:39.097000,44,562.7138888888908,0 days 00:01:04.972000,10551.0,262.0,7,100.0,False,8,car,0.7099557946921197,OnTrack,4693.690719247786,1604.3679772067746,-18.37240471557864,3819.5358389543107
2024-03-01 17:00:14.796,0 days 01:13:39.123000,44,562.7500001661659,0 days 00:01:04.998000,10564.84930995801,262.39196160258524,7,100.0,False,8,pos,0.710310384444042,OnTrack,4713.0,1607.0,-18.0,3821.4308920103304
2024-03-01 17:00:14.956,0 days 01:13:39.283000,44,562.972222316919,0 days 00:01:05.158000,10650.075413201877,264.80402112835503,7,100.0,False,8,pos,0.7125009243117773,OnTrack,4829.0,1616.0,-16.0,3833.199959616035
2024-03-01 17:00:14.969,0 days 01:13:39.296000,44,562.9902777777788,0 days 00:01:05.171000,10657.0,265.0,7,100.0,False,8,car,0.7126791841533902,OnTrack,4837.980969886172,1616.3267783896558,-15.810606371172764,3834.1569040604795
2024-03-01 17:00:15.196,0 days 01:13:39.523000,44,563.5577779377796,0 days 00:01:05.398000,10652.7437488,265.7093752,7,100.0,False,8,pos,0.7157957005488489,OnTrack,5005.0,1607.0,-12.0,3850.9113563300343
2024-03-01 17:00:15.289,0 days 01:13:39.616000,44,563.7902777777799,0 days 00:01:05.491000,10651.0,266.0,7,100.0,False,8,car,0.7170750296249617,OnTrack,5106.811524862576,1587.0283809720597,-10.932009653757989,3857.783022996701
2024-03-01 17:00:15.396,0 days 01:13:39.723000,44,564.1172224177798,0 days 00:01:05.598000,10672.8458464,266.4458336,7,100.0,False,8,pos,0.7185489563955908,OnTrack,5222.0,1560.0,-10.0,3865.7023852731454
2024-03-01 17:00:15.529,0 days 01:13:39.856000,44,564.523611111113,0 days 00:01:05.731000,10700.0,267.0,7,100.0,False,8,car,0.7203843080297821,OnTrack,5309.051138404428,1535.8146749813995,-8.930887423326512,3875.5665519398117
2024-03-01 17:00:15.689,0 days 01:13:40.016000,44,565.0125000000007,0 days 00:01:05.891000,10700.0,268.0,7,100.0,False,8,car,0.7225987565004236,OnTrack,5364.529629993484,1510.414664446911,-7.714041053414198,3887.4776630509236
2024-03-01 17:00:15.776,0 days 01:13:40.103000,44,565.2783335894356,0 days 00:01:05.978000,10722.60144526154,268.61921767839834,7,100.0,False,8,pos,0.7238086662269961,OnTrack,5419.0,1484.0,-7.0,3893.9692941448175
2024-03-01 17:00:15.970,0 days 01:13:40.297000,44,565.8711111111129,0 days 00:01:06.172000,10773.0,270.0,7,100.0,False,8,car,0.7265169049488274,OnTrack,5601.450751608914,1395.8030798581287,-5.326697703042947,3908.5192941448176
2024-03-01 17:00:16.017,0 days 01:13:40.344000,44,566.0408335644458,0 days 00:01:06.219000,10786.1208512,270.1958336,7,100.0,False,8,pos,0.727173148203224,OnTrack,5640.0,1377.0,-5.0,3912.0468508612616
2024-03-01 17:00:16.210,0 days 01:13:40.537000,44,566.7377777777779,0 days 00:01:06.412000,10840.0,271.0,7,100.0,False,8,car,0.7298757605582146,OnTrack,5739.68974571736,1327.07628069998,-4.1773655419472755,3926.575461972374
2024-03-01 17:00:16.316,0 days 01:13:40.643000,44,567.0616670577779,0 days 00:01:06.518000,10788.927211054546,271.96363752727274,7,90.84544349090909,False,8,pos,0.7313762349691285,OnTrack,5792.0,1301.0,-4.0,3934.5832801884544
2024-03-01 17:00:16.536,0 days 01:13:40.863000,44,567.7338892800001,0 days 00:01:06.738000,10682.927211054546,273.96363752727274,7,71.84544349090909,False,8,pos,0.7345162861171329,OnTrack,5943.0,1228.0,-4.0,3951.3255024817877
2024-03-01 17:00:16.650,0 days 01:13:40.977000,44,568.0822222222223,0 days 00:01:06.852000,10628.0,275.0,7,62.0,True,8,car,0.7361245540504627,OnTrack,6023.254692917497,1189.8970738995843,-3.9282220050472563,3960.033835815121
2024-03-01 17:00:16.735,0 days 01:13:41.062000,44,568.6488901688888,0 days 00:01:06.937000,10318.59930112,270.32498944,7,35.64994048,True,8,pos,0.7373114916062713,OnTrack,6080.0,1163.0,-4.0,3966.4165091768987
2024-03-01 17:00:16.850,0 days 01:13:41.177000,44,569.4155555555553,0 days 00:01:07.052000,9900.0,264.0,7,0.0,True,8,car,0.7388513003016257,OnTrack,6150.732657185067,1129.2558316171492,-4.46573535725791,3974.8498425102325
2024-03-01 17:00:16.955,0 days 01:13:41.282000,44,571.6030595555554,0 days 00:01:07.157000,10073.541984,249.9999744,7,0.0,True,8,pos,0.7401273598343248,OnTrack,6217.0,1094.0,-5.0,3982.1415084302316
2024-03-01 17:00:17.210,0 days 01:13:41.537000,44,576.9155555555558,0 days 00:01:07.412000,10495.0,216.0,7,0.0,True,8,car,0.7428670538715201,OnTrack,6395.949641150395,977.7336211662489,-5.856678888040308,3997.4415084302323
2024-03-01 17:00:17.255,0 days 01:13:41.582000,44,578.0780605155561,0 days 00:01:07.457000,10300.3741696,210.9374784,7,0.0,True,8,pos,0.7433361181049152,OnTrack,6418.0,962.0,-6.0,4000.0782269102315
2024-03-01 17:00:17.370,0 days 01:13:41.697000,44,581.0488888888904,0 days 00:01:07.572000,9803.0,198.0,7,0.0,True,8,car,0.7445031016222178,OnTrack,6453.028740477699,934.6705043674066,-6.394537316881575,4006.4032269102318
2024-03-01 17:00:17.515,0 days 01:13:41.842000,44,586.0836177777792,0 days 00:01:07.717000,9791.03748416,187.1249856,7,0.0,True,8,pos,0.7458418290543226,OnTrack,6481.0,907.0,-7.0,4013.940205496898
2024-03-01 17:00:17.696,0 days 01:13:42.023000,44,592.3683377777791,0 days 00:01:07.898000,9776.10498944,173.5499904,7,0.0,True,8,pos,0.7473571442020936,OnTrack,6539.0,844.0,-8.0,4022.6659133475646
2024-03-01 17:00:17.770,0 days 01:13:42.097000,44,594.937777777779,0 days 00:01:07.972000,9770.0,168.0,4,0.0,True,8,car,0.7479735059418795,OnTrack,6563.833284684726,806.4263915106226,-8.455009137232059,4026.119246680898
2024-03-01 17:00:18.035,0 days 01:13:42.362000,44,604.8016738133348,0 days 00:01:08.237000,9116.017383314285,160.42856594285715,4,0.0,True,8,pos,0.7501667642067047,OnTrack,6636.0,658.0,-10.0,4037.9285716739137
2024-03-01 17:00:18.050,0 days 01:13:42.377000,44,605.3600000000015,0 days 00:01:08.252000,9079.0,160.0,4,0.0,True,8,car,0.7502871088216541,OnTrack,6638.145836600154,652.6657999659642,-10.061959027745381,4038.59523834058
2024-03-01 17:00:18.250,0 days 01:13:42.577000,44,613.360000000001,0 days 00:01:08.452000,8787.0,151.0,4,0.0,True,8,car,0.7518467250486449,OnTrack,6647.941773443107,613.5599278843739,-10.686850443819258,4046.9841272294693
2024-03-01 17:00:18.315,0 days 01:13:42.642000,44,616.0322301155564,0 days 00:01:08.517000,8734.02484352,149.69999616,4,0.0,True,8,pos,0.7523446014043982,OnTrack,6650.0,600.0,-11.0,4049.6870438268024
2024-03-01 17:00:18.450,0 days 01:13:42.777000,44,621.5822222222228,0 days 00:01:08.652000,8624.0,147.0,4,0.0,False,8,car,0.753365026938497,OnTrack,6657.6691790270415,559.5008840230504,-11.976305715089623,4055.1995438268027
2024-03-01 17:00:18.650,0 days 01:13:42.977000,44,630.137777777777,0 days 00:01:08.852000,8628.0,142.0,4,2.0,False,8,car,0.7548316859069256,OnTrack,6666.076518677744,464.0325553722212,-13.948645992747702,4063.088432715692
2024-03-01 17:00:18.655,0 days 01:13:42.982000,44,630.355841706666,0 days 00:01:08.857000,8627.63748608,141.97499904,4,2.51251968,False,8,pos,0.7548679864695063,OnTrack,6666.0,461.0,-14.0,4063.2856202143585
2024-03-01 17:00:18.856,0 days 01:13:43.183000,44,639.1216722488888,0 days 00:01:09.058000,8613.06499072,140.96999936,4,23.11501312,False,8,pos,0.7563178172975895,OnTrack,6654.0,330.0,-16.0,4071.1564451786253
2024-03-01 17:00:19.050,0 days 01:13:43.377000,44,647.5822222222228,0 days 00:01:09.252000,8599.0,140.0,4,43.0,False,8,car,0.7577236895066437,OnTrack,6641.04507884607,268.8136542301511,-17.171922228360987,4078.700889623069
2024-03-01 17:00:19.210,0 days 01:13:43.537000,44,654.4711111111114,0 days 00:01:09.412000,8936.0,143.0,4,59.0,False,8,car,0.7589052795488144,OnTrack,6627.004250847835,239.63656067780678,-17.87206932248939,4085.056445178625
2024-03-01 17:00:19.236,0 days 01:13:43.563000,44,655.5472275200004,0 days 00:01:09.438000,8969.8001664,143.406252,4,59.8937544,False,8,pos,0.7590996838036423,OnTrack,6624.0,233.0,-18.0,4086.092156998625
2024-03-01 17:00:19.416,0 days 01:13:43.743000,44,662.9972275200009,0 days 00:01:09.618000,9203.8001664,146.218752,4,66.0812544,False,8,pos,0.7604654421454788,OnTrack,6597.0,175.0,-19.0,4093.4030945986246
2024-03-01 17:00:19.530,0 days 01:13:43.857000,44,667.7155555555569,0 days 00:01:09.732000,9352.0,148.0,4,70.0,False,8,car,0.7613510883074331,OnTrack,6572.905998547851,134.16581409665346,-19.7768428764643,4098.089761265292
2024-03-01 17:00:19.556,0 days 01:13:43.883000,44,668.7266716444458,0 days 00:01:09.758000,9382.2251488,148.812504,4,70.4875024,False,8,pos,0.7615554877103538,OnTrack,6567.0,125.0,-20.0,4099.164518238625
2024-03-01 17:00:19.690,0 days 01:13:44.017000,44,673.937777777779,0 days 00:01:09.892000,9538.0,153.0,4,73.0,False,8,car,0.7626153070238813,OnTrack,6535.263923013705,79.83093385194482,-21.506341694103913,4104.859518238624
2024-03-01 17:00:19.876,0 days 01:13:44.203000,44,679.3627815111116,0 days 00:01:10.078000,10101.425387733334,153.0,4,78.42500373333333,False,8,pos,0.7640707946166578,OnTrack,6482.0,18.0,-24.0,4112.764518238625
2024-03-01 17:00:19.930,0 days 01:13:44.257000,44,680.9377777777781,0 days 00:01:10.132000,10265.0,153.0,4,80.0,False,8,car,0.7645116350985538,OnTrack,6462.954957412458,-1.132584625307077,-24.647038064084246,4115.059518238625
2024-03-01 17:00:20.056,0 days 01:13:44.383000,44,682.8977797688899,0 days 00:01:10.258000,10562.150301866666,161.40000853333333,4,90.50001066666667,False,8,pos,0.7655934405715572,OnTrack,6416.0,-45.0,-26.0,4120.708518537292
2024-03-01 17:00:20.170,0 days 01:13:44.497000,44,684.6711111111126,0 days 00:01:10.372000,10831.0,169.0,4,100.0,False,8,car,0.7666062719914924,OnTrack,6378.23130762018,-77.86359050811998,-27.006266073121374,4126.060185203958
2024-03-01 17:00:20.276,0 days 01:13:44.603000,44,686.1433351111124,0 days 00:01:10.478000,11042.47025536,172.18000384,4,96.81999616,False,8,pos,0.767553727733801,OnTrack,6344.0,-106.0,-28.0,4131.129929761469
2024-03-01 17:00:20.370,0 days 01:13:44.697000,44,687.44888888889,0 days 00:01:10.572000,11230.0,175.0,4,94.0,False,8,car,0.7684137742413164,OnTrack,6311.470138986352,-131.90326988639006,-29.112040004440363,4135.699374205914
2024-03-01 17:00:20.436,0 days 01:13:44.763000,44,687.1555549866675,0 days 00:01:10.638000,11259.464342857143,178.06429165714286,4,95.41428845714286,False,8,pos,0.7690364645231719,OnTrack,6282.0,-153.0,-30.0,4138.963886219628
2024-03-01 17:00:20.650,0 days 01:13:44.977000,44,686.2044444444446,0 days 00:01:10.852000,11355.0,188.0,4,100.0,False,8,car,0.7711322576250516,OnTrack,6136.088441100947,-242.59359730086996,-33.224832423380214,4150.1394417751835
2024-03-01 17:00:20.716,0 days 01:13:45.043000,44,685.5261097955557,0 days 00:01:10.918000,11384.464342857143,189.41428845714285,4,100.0,False,8,pos,0.7717858269872055,OnTrack,6096.0,-266.0,-34.0,4153.6120370635645
2024-03-01 17:00:20.930,0 days 01:13:45.257000,44,683.3266666666668,0 days 00:01:11.132000,11480.0,194.0,4,100.0,False,8,car,0.7739375011167782,OnTrack,6018.4057807352365,-309.05396722179626,-35.227006526266436,4165.144259285787
2024-03-01 17:00:21.096,0 days 01:13:45.423000,44,680.7444424533339,0 days 00:01:11.298000,10947.416256,200.916672,4,100.0,False,8,pos,0.7756744627228448,OnTrack,5964.0,-337.0,-36.0,4174.408750272453
2024-03-01 17:00:21.170,0 days 01:13:45.497000,44,679.5933333333342,0 days 00:01:11.372000,10710.0,204.0,4,100.0,False,8,car,0.7764659385496745,OnTrack,5930.084100608764,-354.5834269345989,-36.563093734775485,4178.602083605787
2024-03-01 17:00:21.336,0 days 01:13:45.663000,44,676.2272196266674,0 days 00:01:11.538000,10753.5750336,209.5333376,4,100.0,False,8,pos,0.778275213182396,OnTrack,5841.0,-401.0,-38.0,4188.263898617342
2024-03-01 17:00:21.410,0 days 01:13:45.737000,44,674.7266666666674,0 days 00:01:11.612000,10773.0,212.0,5,100.0,False,8,car,0.7790935303917041,OnTrack,5801.754525923241,-421.5323849183169,-38.48953188357624,4192.62167639512
2024-03-01 17:00:21.556,0 days 01:13:45.883000,44,671.4822206837187,0 days 00:01:11.758000,11220.182601989392,216.59119714568166,5,100.0,False,8,pos,0.7807279347002414,OnTrack,5725.0,-462.0,-39.0,4201.405652723805
2024-03-01 17:00:21.569,0 days 01:13:45.896000,44,671.1933333333336,0 days 00:01:11.771000,11260.0,217.0,5,100.0,False,8,car,0.7808753661095806,OnTrack,5718.093337138724,-465.67632893592025,-39.00211586166844,4202.189263834916
2024-03-01 17:00:21.616,0 days 01:13:45.943000,44,670.0052761600003,0 days 00:01:11.818000,11317.910793142857,218.34285897142857,5,100.0,False,8,pos,0.7814113796978597,OnTrack,5693.0,-479.0,-39.0,4205.039851160376
2024-03-01 17:00:21.796,0 days 01:13:46.123000,44,665.4552761600005,0 days 00:01:11.998000,11539.69650742857,223.4857161142857,5,100.0,False,8,pos,0.7835040612549471,OnTrack,5595.0,-529.0,-40.0,4216.214136966091
2024-03-01 17:00:21.849,0 days 01:13:46.176000,44,664.115555555556,0 days 00:01:12.051000,11605.0,225.0,5,100.0,False,8,car,0.7841288701592637,OnTrack,5565.6965533136,-544.1344190820906,-40.27364389735149,4219.526636966091
2024-03-01 17:00:22.036,0 days 01:13:46.363000,44,658.8691648711106,0 days 00:01:12.238000,11727.48504192,230.61000192,5,100.0,False,8,pos,0.7863586625757586,OnTrack,5461.0,-599.0,-41.0,4231.505545399158
2024-03-01 17:00:22.049,0 days 01:13:46.376000,44,658.5044444444438,0 days 00:01:12.251000,11736.0,231.0,5,100.0,False,8,car,0.7865147731290313,OnTrack,5453.663659939778,-602.8084849494293,-41.060240442500735,4232.339712065826
2024-03-01 17:00:22.257,0 days 01:13:46.584000,44,652.5533333333334,0 days 00:01:12.459000,11250.666666666666,234.46666666666667,5,100.0,False,8,pos,0.7890337549205915,OnTrack,5335.0,-664.0,-42.0,4245.886675028788
2024-03-01 17:00:22.289,0 days 01:13:46.616000,44,651.637777777778,0 days 00:01:12.491000,11176.0,235.0,5,100.0,False,8,car,0.7894274338973187,OnTrack,5316.419478801529,-673.6962247826488,-42.04271698715574,4247.9755639176765
2024-03-01 17:00:22.416,0 days 01:13:46.743000,44,647.8983309513328,0 days 00:01:12.618000,11154.613291990127,237.9043677544273,5,100.0,False,8,pos,0.7910096336470195,OnTrack,5242.0,-713.0,-42.0,4256.3683013356795
2024-03-01 17:00:22.596,0 days 01:13:46.923000,44,642.5983302461352,0 days 00:01:12.798000,11124.301437645097,242.02079241856697,5,100.0,False,8,pos,0.793302552528023,OnTrack,5136.0,-770.0,-42.0,4268.469340956608
2024-03-01 17:00:22.770,0 days 01:13:47.097000,44,637.4750000000004,0 days 00:01:12.972000,11095.0,246.0,6,100.0,False,8,car,0.7955381342176804,OnTrack,5032.049365164015,-825.4931658409263,-41.30331626625862,4280.359340956607
2024-03-01 17:00:22.876,0 days 01:13:47.203000,44,634.7661078400001,0 days 00:01:13.078000,11169.2000896,247.472224,6,100.0,False,8,pos,0.796904206319981,OnTrack,4968.0,-860.0,-41.0,4287.646023107719
2024-03-01 17:00:23.035,0 days 01:13:47.362000,44,630.7027728711109,0 days 00:01:13.237000,11280.5001344,249.68055822222223,6,100.0,False,8,pos,0.7989623771537817,OnTrack,4871.0,-913.0,-41.0,4298.673581095866
2024-03-01 17:00:23.130,0 days 01:13:47.457000,44,628.2749999999996,0 days 00:01:13.332000,11347.0,251.0,6,100.0,False,8,car,0.8002045885975114,OnTrack,4812.566261465834,-944.4683211963533,-40.62255556376984,4305.297192206977
2024-03-01 17:00:23.255,0 days 01:13:47.582000,44,625.3930511288884,0 days 00:01:13.457000,11357.62501632,253.18750336,6,100.0,False,8,pos,0.8018549448974,OnTrack,4735.0,-986.0,-40.0,4314.088424962533
2024-03-01 17:00:23.475,0 days 01:13:47.802000,44,620.320828906666,0 days 00:01:13.677000,11376.32501632,257.03750336,6,100.0,False,8,pos,0.8047954460497203,OnTrack,4597.0,-1061.0,-40.0,4329.79627239009
2024-03-01 17:00:23.530,0 days 01:13:47.857000,44,619.052777777777,0 days 00:01:13.732000,11381.0,258.0,6,100.0,False,8,car,0.8055341380884208,OnTrack,4562.930528910497,-1079.7487850669684,-40.07203694821065,4333.737939056756
2024-03-01 17:00:23.690,0 days 01:13:48.017000,44,615.5861111111108,0 days 00:01:13.892000,10838.0,261.0,6,100.0,False,8,car,0.8076907464870676,OnTrack,4464.43235011396,-1134.4400984385666,-40.39118543612914,4345.337939056755
2024-03-01 17:00:23.795,0 days 01:13:48.122000,44,613.2527735111101,0 days 00:01:13.997000,10540.0619552,262.3125024,6,100.0,False,8,pos,0.8091145191859189,OnTrack,4395.0,-1173.0,-41.0,4352.988720376756
2024-03-01 17:00:23.850,0 days 01:13:48.177000,44,612.0305555555542,0 days 00:01:14.052000,10384.0,263.0,7,100.0,False,8,car,0.8098638806205704,OnTrack,4356.448053169186,-1194.3632794848024,-41.48439668190047,4357.006775932312
2024-03-01 17:00:23.995,0 days 01:13:48.322000,44,609.211107377777,0 days 00:01:14.197000,10509.5157912,264.8125024,7,100.0,False,8,pos,0.8118528219846114,OnTrack,4254.0,-1251.0,-43.0,4367.672835056756
2024-03-01 17:00:24.170,0 days 01:13:48.497000,44,605.8083333333334,0 days 00:01:14.372000,10661.0,267.0,7,100.0,False,8,car,0.8142762518269975,OnTrack,4149.4143599812805,-1308.5987856101422,-44.28772644901776,4380.6520017234225
2024-03-01 17:00:24.256,0 days 01:13:48.583000,44,604.3511089422223,0 days 00:01:14.458000,10704.000064,268.0750016,7,100.0,False,8,pos,0.8154751029225163,OnTrack,4098.0,-1337.0,-45.0,4387.0560156505335
2024-03-01 17:00:24.436,0 days 01:13:48.763000,44,601.3011089422221,0 days 00:01:14.638000,10794.000064,270.3250016,7,100.0,False,8,pos,0.81799734456676,OnTrack,3981.0,-1402.0,-47.0,4400.572265730534
2024-03-01 17:00:24.490,0 days 01:13:48.817000,44,600.386111111111,0 days 00:01:14.692000,10821.0,271.0,7,100.0,False,8,car,0.8187547259728467,OnTrack,3945.1957582232135,-1421.935753199741,-47.635648212316845,4404.637265730533
2024-03-01 17:00:24.650,0 days 01:13:48.977000,44,597.719444444444,0 days 00:01:14.852000,10885.0,272.0,7,100.0,False,8,car,0.8210022259131992,OnTrack,3838.798048000947,-1481.2327754819953,-49.55710325573913,4416.726154619422
2024-03-01 17:00:24.756,0 days 01:13:49.083000,44,596.0116646044438,0 days 00:01:14.958000,10929.52005376,273.59000192,7,100.0,False,8,pos,0.8225027203070568,OnTrack,3769.0,-1520.0,-51.0,4424.781860231511
2024-03-01 17:00:24.850,0 days 01:13:49.177000,44,594.4972222222214,0 days 00:01:15.052000,10969.0,275.0,7,100.0,False,8,car,0.8238425865914939,OnTrack,3707.8073389597644,-1553.8505301865441,-52.430725914607336,4431.962415787068
2024-03-01 17:00:24.935,0 days 01:13:49.262000,44,593.2222193422217,0 days 00:01:15.137000,11001.48221622857,276.21428845714286,7,100.0,False,8,pos,0.8250618257198225,OnTrack,3648.0,-1587.0,-54.0,4438.484142042305
2024-03-01 17:00:25.130,0 days 01:13:49.457000,44,590.2972222222224,0 days 00:01:15.332000,11076.0,279.0,7,100.0,False,8,car,0.8278769316131006,OnTrack,3482.778277505058,-1679.2968743422196,-58.939909305872604,4453.596642042305
2024-03-01 17:00:25.216,0 days 01:13:49.543000,44,589.1266649244448,0 days 00:01:15.418000,11081.375008,279.35833386666667,7,100.0,False,8,pos,0.8291196419019161,OnTrack,3419.0,-1715.0,-61.0,4460.270202240232
2024-03-01 17:00:25.370,0 days 01:13:49.697000,44,587.030555555556,0 days 00:01:15.572000,11091.0,280.0,7,100.0,False,8,car,0.8313473359327626,OnTrack,3337.9751862100024,-1760.3316826404905,-63.86845508349911,4472.247980018009
2024-03-01 17:00:25.475,0 days 01:13:49.802000,44,585.6888864355559,0 days 00:01:15.677000,11169.0938928,280.6562512,7,100.0,False,8,pos,0.8328697864780503,OnTrack,3283.0,-1791.0,-66.0,4480.433787344676
2024-03-01 17:00:25.530,0 days 01:13:49.857000,44,584.9861111111113,0 days 00:01:15.732000,11210.0,281.0,7,100.0,False,8,car,0.8336692016799648,OnTrack,3248.4586541487433,-1810.2346151150962,-67.36167331064809,4484.726842900231
2024-03-01 17:00:25.695,0 days 01:13:50.022000,44,582.9694420977786,0 days 00:01:15.897000,11197.6249856,282.3750016,7,100.0,False,8,pos,0.8360774467984385,OnTrack,3132.0,-1875.0,-72.0,4497.669030473565
2024-03-01 17:00:25.770,0 days 01:13:50.097000,44,582.0527777777788,0 days 00:01:15.972000,11192.0,283.0,7,100.0,False,8,car,0.8371767889030515,OnTrack,3082.2400411377944,-1902.6571283272901,-73.98052563898598,4503.564863806897
2024-03-01 17:00:25.916,0 days 01:13:50.243000,44,580.3899985422229,0 days 00:01:16.118000,11273.76007168,284.46000128,7,100.0,False,8,pos,0.8393245855773008,OnTrack,2981.0,-1959.0,-78.0,4515.101297192142
2024-03-01 17:00:25.970,0 days 01:13:50.297000,44,579.7750000000005,0 days 00:01:16.172000,11304.0,285.0,7,100.0,False,8,car,0.8401204354241933,OnTrack,2935.809156029485,-1984.2186929687657,-79.79040892507719,4519.376297192142
2024-03-01 17:00:26.210,0 days 01:13:50.537000,44,577.3083333333325,0 days 00:01:16.412000,11323.0,286.0,7,100.0,False,8,car,0.8436652055507052,OnTrack,2717.4430476691277,-2106.269656065495,-88.34545984976819,4538.44296385881
2024-03-01 17:00:26.236,0 days 01:13:50.563000,44,577.0266652799992,0 days 00:01:16.438000,11333.508385066667,286.21666773333334,7,100.0,False,8,pos,0.8440506214274557,OnTrack,2700.0,-2116.0,-89.0,4540.510084236884
2024-03-01 17:00:26.450,0 days 01:13:50.777000,44,574.708333333333,0 days 00:01:16.652000,11420.0,288.0,7,100.0,False,8,car,0.8472347642795003,OnTrack,2608.0639239014845,-2167.0471984947912,-92.05061828527357,4557.630084236884
2024-03-01 17:00:26.516,0 days 01:13:50.843000,44,574.1033321599997,0 days 00:01:16.718000,11433.750026666667,288.3666673777778,7,100.0,False,8,pos,0.8482207874687251,OnTrack,2574.0,-2186.0,-93.0,4562.916806472143
2024-03-01 17:00:26.810,0 days 01:13:51.137000,44,571.4083333333328,0 days 00:01:17.012000,11495.0,290.0,7,100.0,False,8,car,0.8526262852761177,OnTrack,2329.706633919684,-2322.3542383855684,-99.44360168084363,4586.600139805477
2024-03-01 17:00:26.835,0 days 01:13:51.162000,44,571.2069428977773,0 days 00:01:17.037000,11495.87500672,290.0,7,100.0,False,8,pos,0.8530006387309944,OnTrack,2307.0,-2335.0,-100.0,4588.614028694366
2024-03-01 17:00:27.010,0 days 01:13:51.337000,44,569.7972222222215,0 days 00:01:17.212000,11502.0,290.0,7,100.0,False,8,car,0.855621574718683,OnTrack,2150.328389082029,-2422.024031394444,-103.59387661349,4602.711250916588
2024-03-01 17:00:27.236,0 days 01:13:51.563000,44,568.039443448888,0 days 00:01:17.438000,11511.8875056,291.4125008,7,100.0,False,8,pos,0.8590249639259475,OnTrack,1981.0,-2516.0,-107.0,4621.005480133477
2024-03-01 17:00:27.330,0 days 01:13:51.657000,44,567.3083333333325,0 days 00:01:17.532000,11516.0,292.0,7,100.0,False,8,car,0.8604470892964985,OnTrack,1932.6322016056995,-2543.022310119986,-107.81994680665468,4628.629924577921
2024-03-01 17:00:27.570,0 days 01:13:51.897000,44,565.574999999998,0 days 00:01:17.772000,11585.0,294.0,7,100.0,False,8,car,0.8640910138321435,OnTrack,1828.4889361832516,-2602.012538676815,-108.96837164783811,4648.229924577921
2024-03-01 17:00:27.576,0 days 01:13:51.903000,44,565.5349991466647,0 days 00:01:17.778000,11585.1500032,294.0,7,100.0,False,8,pos,0.8641821189239302,OnTrack,1825.0,-2604.0,-109.0,4648.719924577921
2024-03-01 17:00:27.730,0 days 01:13:52.057000,44,564.5083333333323,0 days 00:01:17.932000,11589.0,294.0,7,100.0,False,8,car,0.8665202968559068,OnTrack,1718.5505733250188,-2664.726902512926,-109.85091787193782,4661.296591244587
2024-03-01 17:00:27.776,0 days 01:13:52.103000,44,564.2144436266657,0 days 00:01:17.978000,11600.1166976,294.1916672,7,100.0,False,8,pos,0.8672198237245048,OnTrack,1683.0,-2685.0,-110.0,4665.055706992142
2024-03-01 17:00:27.957,0 days 01:13:52.284000,44,563.0580551466661,0 days 00:01:18.159000,11643.8583488,294.9458336,7,100.0,False,8,pos,0.869978219097421,OnTrack,1541.0,-2766.0,-110.0,4679.884928070365
2024-03-01 17:00:27.970,0 days 01:13:52.297000,44,562.9749999999995,0 days 00:01:18.172000,11647.0,295.0,7,100.0,False,8,car,0.8701766156926932,OnTrack,1532.0675037166789,-2771.122638363807,-109.99794959951171,4680.950205848142
2024-03-01 17:00:28.116,0 days 01:13:52.443000,44,562.1638881777766,0 days 00:01:18.318000,11647.4562504,295.4562504,7,100.0,False,8,pos,0.8724071492366,OnTrack,1442.0,-2823.0,-110.0,4692.932598225476
2024-03-01 17:00:28.290,0 days 01:13:52.617000,44,561.1972222222203,0 days 00:01:18.492000,11648.0,296.0,7,100.0,False,8,car,0.875068233209931,OnTrack,1322.0119218560274,-2891.6352276653492,-109.59232764821122,4707.239264892143
2024-03-01 17:00:28.436,0 days 01:13:52.763000,44,560.507777357953,0 days 00:01:18.638000,11649.83263709921,296.0,7,100.0,False,8,pos,0.8773005488855234,OnTrack,1214.0,-2953.0,-109.0,4719.243709336588
2024-03-01 17:00:28.529,0 days 01:13:52.856000,44,560.0686111111099,0 days 00:01:18.731000,11651.0,296.0,7,100.0,False,8,car,0.8787216600431178,OnTrack,1144.9536540934116,-2992.050473222592,-108.56599566361554,4726.890376003254
2024-03-01 17:00:28.696,0 days 01:13:53.023000,44,559.4655553244434,0 days 00:01:18.898000,11647.4214272,296.0,7,100.0,False,8,pos,0.8812713915138449,OnTrack,1029.0,-3058.0,-108.0,4740.621487114365
2024-03-01 17:00:28.797,0 days 01:13:53.124000,44,559.1008333333323,0 days 00:01:18.999000,11645.257142857143,296.0,7,100.0,False,8,pos,0.8828176725085822,OnTrack,967.0,-3094.0,-108.0,4748.925931558809
2024-03-01 17:00:28.809,0 days 01:13:53.136000,44,559.057499999999,0 days 00:01:19.011000,11645.0,296.0,7,100.0,False,8,car,0.8830018253707006,OnTrack,958.3244349642291,-3098.9887504166577,-107.9846106162842,4749.912598225475
2024-03-01 17:00:29.009,0 days 01:13:53.336000,44,558.5019444444442,0 days 00:01:19.211000,11658.0,295.0,7,0.0,True,8,car,0.8860487577346894,OnTrack,769.6483678414959,-3205.7286655032963,-107.12109911087715,4766.301487114364
2024-03-01 17:00:29.077,0 days 01:13:53.404000,44,558.8608334286398,0 days 00:01:19.279000,11233.634742077276,287.38174071548303,7,0.0,True,8,pos,0.8870373275896909,OnTrack,716.0,-3236.0,-107.0,4771.729808883434
2024-03-01 17:00:29.250,0 days 01:13:53.577000,44,559.7738888888889,0 days 00:01:19.452000,10154.0,268.0,7,0.0,True,8,car,0.8893842707435929,OnTrack,635.9651989108152,-3281.4361177465275,-107.56954133548555,4784.6086977723235
2024-03-01 17:00:29.337,0 days 01:13:53.664000,44,561.3205566933334,0 days 00:01:19.539000,10251.44007168,249.29498624,7,0.0,True,8,pos,0.8904441339932666,OnTrack,601.0,-3301.0,-108.0,4790.633326606457
2024-03-01 17:00:29.450,0 days 01:13:53.777000,44,563.3294444444446,0 days 00:01:19.652000,10378.0,225.0,7,0.0,True,8,car,0.8917082022076522,OnTrack,544.4589024387114,-3332.0908665181305,-108.48804055857228,4797.695826606457
2024-03-01 17:00:29.656,0 days 01:13:53.983000,44,569.6811150577772,0 days 00:01:19.858000,10089.08482048,202.85498624,7,0.0,True,8,pos,0.8937247228619523,OnTrack,428.0,-3393.0,-109.0,4809.303639707968
2024-03-01 17:00:29.850,0 days 01:13:54.177000,44,575.6627777777767,0 days 00:01:20.052000,9817.0,182.0,6,0.0,True,8,car,0.895467806887286,OnTrack,335.81635312433485,-3433.823986696058,-108.8586653702374,4819.111417485746
2024-03-01 17:00:29.916,0 days 01:13:54.243000,44,577.8811154133326,0 days 00:01:20.118000,9817.0,178.2874928,6,0.0,True,8,pos,0.8960646700643382,OnTrack,307.0,-3445.0,-109.0,4822.380021520412
2024-03-01 17:00:30.010,0 days 01:13:54.337000,44,581.0405555555553,0 days 00:01:20.212000,9817.0,173.0,5,0.0,True,8,car,0.8968972829522895,OnTrack,267.26100580594095,-3459.1106310670316,-109.52202847339392,4826.897243742635
2024-03-01 17:00:30.075,0 days 01:13:54.402000,44,583.5683407999996,0 days 00:01:20.277000,9632.832789333333,168.1249856,5,0.0,True,8,pos,0.8974421376519218,OnTrack,237.0,-3468.0,-110.0,4829.932833760412
2024-03-01 17:00:30.250,0 days 01:13:54.577000,44,590.3738888888884,0 days 00:01:20.452000,9137.0,155.0,4,0.0,True,8,car,0.8988183996292451,OnTrack,135.8029404913488,-3489.215069739017,-111.41874342592132,4837.467555982634
2024-03-01 17:00:30.335,0 days 01:13:54.662000,44,593.8447300622214,0 days 00:01:20.537000,8994.6246784,152.02499328,4,0.0,True,8,pos,0.8994724237770847,OnTrack,94.0,-3496.0,-112.0,4841.057034990634
2024-03-01 17:00:30.450,0 days 01:13:54.777000,44,598.5405555555544,0 days 00:01:20.652000,8802.0,148.0,4,0.0,True,8,car,0.900347030103382,OnTrack,56.901623556781715,-3500.124947627466,-112.55609807897417,4845.784812768411
2024-03-01 17:00:30.595,0 days 01:13:54.922000,44,604.54195239111,0 days 00:01:20.797000,8576.3434512,145.2812464,4,0.0,True,8,pos,0.901434009228878,OnTrack,22.0,-3500.0,-113.0,4851.636418526188
2024-03-01 17:00:30.610,0 days 01:13:54.937000,44,605.1627777777767,0 days 00:01:20.812000,8553.0,145.0,4,0.0,True,8,car,0.901545145880408,OnTrack,17.6044740764966,-3499.8758055609824,-113.03879742330213,4852.240585192855
2024-03-01 17:00:30.810,0 days 01:13:55.137000,44,613.6627777777776,0 days 00:01:21.012000,8265.0,141.0,4,0.0,False,8,car,0.9030014762645519,OnTrack,-54.97574434890357,-3496.1008373594004,-113.48363257731837,4860.073918526188
2024-03-01 17:00:30.956,0 days 01:13:55.283000,44,620.0705611733329,0 days 00:01:21.158000,8048.18980992,138.07999744,4,0.0,False,8,pos,0.9040367130270808,OnTrack,-110.0,-3486.0,-115.0,4865.673829533477
2024-03-01 17:00:31.010,0 days 01:13:55.337000,44,622.440555555555,0 days 00:01:21.212000,7968.0,137.0,4,0.0,False,8,car,0.9044164923115569,OnTrack,-128.67775569408622,-3479.981014204063,-116.00302056240477,4867.728829533477
2024-03-01 17:00:31.115,0 days 01:13:55.442000,44,627.1072307555546,0 days 00:01:21.317000,7975.500013714286,136.24999862857143,4,1.1250020571428572,False,8,pos,0.9051525360251345,OnTrack,-163.0,-3465.0,-118.0,4871.70278782681
2024-03-01 17:00:31.290,0 days 01:13:55.617000,44,634.8849999999984,0 days 00:01:21.492000,7988.0,135.0,4,3.0,False,8,car,0.9063685947413667,OnTrack,-216.98772269287525,-3431.7360862466285,-118.76270627796153,4878.26528782681
2024-03-01 17:00:31.356,0 days 01:13:55.683000,44,637.8550057599991,0 days 00:01:21.558000,8182.7003776,134.1749984,4,26.5125456,False,8,pos,0.9068221005700297,OnTrack,-236.0,-3417.0,-119.0,4880.7251627974765
2024-03-01 17:00:31.450,0 days 01:13:55.777000,44,642.085,0 days 00:01:21.652000,8460.0,133.0,4,60.0,False,8,car,0.9074675561092594,OnTrack,-261.6177444595847,-3394.2077748471306,-119.73777887064384,4884.1979405752545
2024-03-01 17:00:31.576,0 days 01:13:55.903000,44,647.6850056888884,0 days 00:01:21.778000,8438.7374784,134.5750016,4,52.9124928,False,8,pos,0.9083435246604801,OnTrack,-296.0,-3358.0,-121.0,4888.908065631254
2024-03-01 17:00:31.610,0 days 01:13:55.937000,44,649.1961111111104,0 days 00:01:21.812000,8433.0,135.0,4,51.0,False,8,car,0.9085830432120079,OnTrack,-305.9634755776667,-3346.542540536743,-121.27942422372085,4890.183065631254
2024-03-01 17:00:31.756,0 days 01:13:56.083000,44,655.198338595555,0 days 00:01:21.958000,8631.722396444444,137.83889137777777,4,55.461115022222224,False,8,pos,0.9096292907155008,OnTrack,-345.0,-3298.0,-122.0,4895.773198448242
2024-03-01 17:00:31.816,0 days 01:13:56.143000,44,657.6650052622216,0 days 00:01:22.018000,8713.389063111112,139.00555804444446,4,57.29444835555555,False,8,pos,0.9100677621123546,OnTrack,-354.0,-3285.0,-122.0,4898.089957748983
2024-03-01 17:00:31.970,0 days 01:13:56.297000,44,663.9961111111106,0 days 00:01:22.172000,8923.0,142.0,4,62.0,False,8,car,0.9112230293551792,OnTrack,-388.4627207077147,-3234.9855057506893,-123.5012088893974,4904.164402193427
2024-03-01 17:00:32.015,0 days 01:13:56.342000,44,665.6836183111106,0 days 00:01:22.217000,9017.5004032,143.46250624,4,64.2500096,False,8,pos,0.9115689277252712,OnTrack,-399.0,-3219.0,-124.0,4905.9576835214275
2024-03-01 17:00:32.275,0 days 01:13:56.602000,44,675.4336183111106,0 days 00:01:22.477000,9563.5004032,151.91250624,4,77.2500096,False,8,pos,0.9136398155347734,OnTrack,-451.0,-3126.0,-126.0,4916.929142305427
2024-03-01 17:00:32.370,0 days 01:13:56.697000,44,678.9961111111106,0 days 00:01:22.572000,9763.0,155.0,4,82.0,False,8,car,0.9144248904834387,OnTrack,-470.512034407749,-3081.700236857555,-127.03290570283671,4921.019420083205
2024-03-01 17:00:32.535,0 days 01:13:56.862000,44,684.7252844444431,0 days 00:01:22.737000,10105.3753984,163.2500096,4,96.85001728,False,8,pos,0.9158247626239916,OnTrack,-502.0,-3004.0,-129.0,4928.501712189871
2024-03-01 17:00:32.570,0 days 01:13:56.897000,44,685.940555555554,0 days 00:01:22.772000,10178.0,165.0,4,100.0,False,8,car,0.9161291068904155,OnTrack,-507.1780374034843,-2991.2224399481515,-129.33416346365314,4930.105878856538
2024-03-01 17:00:32.930,0 days 01:13:57.257000,44,693.940555555554,0 days 00:01:23.132000,11082.0,177.0,4,100.0,False,8,car,0.9194197938435235,OnTrack,-539.7485797656558,-2878.6558924654596,-132.25135753913884,4947.805878856538
2024-03-01 17:00:32.976,0 days 01:13:57.303000,44,694.7327799822209,0 days 00:01:23.178000,11127.2334592,179.3000064,4,100.0,False,8,pos,0.9198596296847428,OnTrack,-545.0,-2846.0,-133.0,4950.09693449387
2024-03-01 17:00:33.170,0 days 01:13:57.497000,44,698.0738888888882,0 days 00:01:23.372000,11318.0,189.0,4,100.0,False,8,car,0.9217623167592951,OnTrack,-569.5119192487359,-2673.7322217027195,-136.9091564035142,4960.281934493871
2024-03-01 17:00:33.176,0 days 01:13:57.503000,44,698.140556977777,0 days 00:01:23.378000,11320.46005248,189.18000384,4,100.0,False,8,pos,0.921822447984135,OnTrack,-570.0,-2670.0,-137.0,4960.597234500271
2024-03-01 17:00:33.436,0 days 01:13:57.763000,44,701.0294458666652,0 days 00:01:23.638000,11427.06005248,196.98000384,4,100.0,False,8,pos,0.9244999286118771,OnTrack,-574.0,-2604.0,-139.0,4974.823568110938
2024-03-01 17:00:33.570,0 days 01:13:57.897000,44,702.5183333333316,0 days 00:01:23.772000,11482.0,201.0,4,100.0,False,8,car,0.9259144076417477,OnTrack,-576.4282845187674,-2527.057415998619,-140.62207101401577,4982.305234777605
2024-03-01 17:00:33.676,0 days 01:13:58.003000,44,703.2838898133317,0 days 00:01:23.878000,11217.4413472,204.0916704,4,100.0,False,8,pos,0.9270436640798378,OnTrack,-578.0,-2458.0,-142.0,4988.314600628271
2024-03-01 17:00:33.810,0 days 01:13:58.137000,44,704.2516666666652,0 days 00:01:24.012000,10883.0,208.0,5,100.0,False,8,car,0.9284924222792108,OnTrack,-577.1837534966941,-2388.2122370627403,-143.38808983524322,4996.0568228504935
2024-03-01 17:00:33.876,0 days 01:13:58.203000,44,704.453333724443,0 days 00:01:24.078000,10960.3439,209.8562536,5,100.0,False,8,pos,0.9292187648902362,OnTrack,-576.0,-2353.0,-144.0,4999.904187499827
2024-03-01 17:00:34.130,0 days 01:13:58.457000,44,705.2294444444433,0 days 00:01:24.332000,11258.0,217.0,5,100.0,False,8,car,0.9320785067428613,OnTrack,-568.5135356103453,-2187.745944782292,-146.22619440735062,5015.214743055381
2024-03-01 17:00:34.216,0 days 01:13:58.543000,44,705.2772222933319,0 days 00:01:24.418000,11374.1001728,219.1500032,5,100.0,False,8,pos,0.933060257321701,OnTrack,-566.0,-2137.0,-147.0,5020.449993131827
2024-03-01 17:00:34.330,0 days 01:13:58.657000,44,705.3405555555537,0 days 00:01:24.532000,11528.0,222.0,5,100.0,False,8,car,0.9343714524540665,OnTrack,-563.1421191773427,-2080.531258320343,-148.072995734501,5027.479993131827
2024-03-01 17:00:34.416,0 days 01:13:58.743000,44,705.1972220088871,0 days 00:01:24.618000,11626.04014592,223.72000256,5,100.0,False,8,pos,0.9353685873417739,OnTrack,-560.0,-2025.0,-149.0,5032.824415415204
2024-03-01 17:00:34.530,0 days 01:13:58.857000,44,705.0072222222207,0 days 00:01:24.732000,11756.0,226.0,5,100.0,False,8,car,0.9367057125024105,OnTrack,-553.1143891929979,-1912.0781383102615,-150.47077221011475,5039.981082081871
2024-03-01 17:00:34.656,0 days 01:13:58.983000,44,704.4472216533313,0 days 00:01:24.858000,11810.3375552,230.7250048,5,100.0,False,8,pos,0.9382116551309987,OnTrack,-545.0,-1783.0,-152.0,5048.0564572498715
2024-03-01 17:00:34.690,0 days 01:13:59.017000,44,704.296111111109,0 days 00:01:24.892000,11825.0,232.0,5,100.0,False,8,car,0.9386226977456523,OnTrack,-543.3319426191658,-1756.8417154226072,-152.3130207536145,5050.247568360982
2024-03-01 17:00:34.970,0 days 01:13:59.297000,44,702.4294444444422,0 days 00:01:25.172000,10718.0,238.0,5,100.0,False,8,car,0.942064182029317,OnTrack,-536.2812975434261,-1650.41941410429,-153.6030381438205,5068.758679472093
2024-03-01 17:00:35.056,0 days 01:13:59.383000,44,701.7366659144076,0 days 00:01:25.258000,10805.622736655,239.08176218092592,5,100.0,False,8,pos,0.9431264399956764,OnTrack,-534.0,-1612.0,-154.0,5074.470077124192
2024-03-01 17:00:35.129,0 days 01:13:59.456000,44,701.148611111109,0 days 00:01:25.331000,10880.0,240.0,6,100.0,False,8,car,0.9440348759108392,OnTrack,-531.5942765598202,-1569.6662671883562,-154.41572938908828,5079.336743790859
2024-03-01 17:00:35.216,0 days 01:13:59.543000,44,700.1577770488866,0 days 00:01:25.418000,10955.0375552,242.1750016,6,100.0,False,8,pos,0.9451324880964144,OnTrack,-528.0,-1505.0,-155.0,5085.189306329526
2024-03-01 17:00:35.369,0 days 01:13:59.696000,44,698.4152777777754,0 days 00:01:25.571000,11087.0,246.0,6,100.0,False,8,car,0.9470838739916849,OnTrack,-519.3380952212232,-1347.4572389673756,-156.23559341380505,5095.644306329525
2024-03-01 17:00:35.476,0 days 01:13:59.803000,44,697.0777769777753,0 days 00:01:25.678000,11149.59503744,246.53500032,6,100.0,False,8,pos,0.9484440510672724,OnTrack,-514.0,-1250.0,-157.0,5102.971874394591
2024-03-01 17:00:35.569,0 days 01:13:59.896000,44,695.9152777777754,0 days 00:01:25.771000,11204.0,247.0,6,100.0,False,8,car,0.9496350343100078,OnTrack,-511.1051434141902,-1197.070688421081,-157.46740463449302,5109.352707727925
2024-03-01 17:00:35.850,0 days 01:14:00.177000,44,691.3880555555525,0 days 00:01:26.052000,11385.0,254.0,6,100.0,False,8,car,0.9533209961836916,OnTrack,-504.391601829838,-1075.0773874410893,-157.99606019110846,5129.1788188390365
2024-03-01 17:00:35.857,0 days 01:14:00.184000,44,691.2674988977748,0 days 00:01:26.059000,11388.3250304,254.0437504,6,100.0,False,8,pos,0.9534130980811988,OnTrack,-504.0,-1068.0,-158.0,5129.6727927981465
2024-03-01 17:00:36.010,0 days 01:14:00.337000,44,688.6324999999979,0 days 00:01:26.212000,11461.0,255.0,6,100.0,False,8,car,0.9554280273777719,OnTrack,-493.3753881310499,-875.8275079899612,-158.00236886128712,5140.510292798147
2024-03-01 17:00:36.016,0 days 01:14:00.343000,44,688.5174975466646,0 days 00:01:26.218000,11464.27006976,255.12000256,6,100.0,False,8,pos,0.9555075634766357,OnTrack,-493.0,-869.0,-158.0,5140.935492802414
2024-03-01 17:00:36.210,0 days 01:14:00.537000,44,684.799166666664,0 days 00:01:26.412000,11570.0,259.0,6,100.0,False,8,car,0.9581031307075112,OnTrack,-485.0177670271288,-721.2030928211743,-157.8395970894399,5154.892715024636
2024-03-01 17:00:36.495,0 days 01:14:00.822000,44,678.7824959466649,0 days 00:01:26.697000,10861.952648,261.6718768,6,100.0,False,8,pos,0.961957320543691,OnTrack,-479.0,-609.0,-158.0,5175.608405271303
2024-03-01 17:00:36.530,0 days 01:14:00.857000,44,678.0436111111094,0 days 00:01:26.732000,10775.0,262.0,6,100.0,False,8,car,0.9624328732396606,OnTrack,-477.76002865866144,-587.3195865774745,-158.12735171046072,5178.155627493525
2024-03-01 17:00:36.690,0 days 01:14:01.017000,44,674.3991666666652,0 days 00:01:26.892000,10537.0,264.0,6,100.0,False,8,car,0.9646142702405908,OnTrack,-470.942946505619,-469.0224036388339,-158.87741482610508,5189.888960826857
2024-03-01 17:00:36.736,0 days 01:14:01.063000,44,673.2874969066651,0 days 00:01:26.938000,10568.0500864,264.69000192,6,100.0,False,8,pos,0.9652454843204106,OnTrack,-469.0,-434.0,-159.0,5193.271110851391
2024-03-01 17:00:36.890,0 days 01:14:01.217000,44,669.5658333333313,0 days 00:01:27.092000,10672.0,267.0,7,100.0,False,8,car,0.967372002244608,OnTrack,-462.945174682902,-319.2564386613571,-159.01009402754073,5204.6927775180575
2024-03-01 17:00:36.915,0 days 01:14:01.242000,44,668.9061060444424,0 days 00:01:27.117000,10680.920523054545,267.2272744727273,7,100.0,False,8,pos,0.967718706543658,OnTrack,-462.0,-301.0,-159.0,5206.548522479674
2024-03-01 17:00:37.095,0 days 01:14:01.422000,44,664.1561060444423,0 days 00:01:27.297000,10745.147795781819,268.8636381090909,7,100.0,False,8,pos,0.9702265348450664,OnTrack,-455.0,-167.0,-159.0,5219.991704385128
2024-03-01 17:00:37.330,0 days 01:14:01.657000,44,657.95472222222,0 days 00:01:27.532000,10829.0,271.0,7,100.0,False,8,car,0.9735299041951507,OnTrack,-443.13505411621384,46.311267413182584,-159.00036406434256,5237.681982162906
2024-03-01 17:00:37.355,0 days 01:14:01.682000,44,657.2394389511087,0 days 00:01:27.557000,10840.5625888,271.4687536,7,100.0,False,8,pos,0.973883190291516,OnTrack,-442.0,67.0,-159.0,5239.5671818406845
2024-03-01 17:00:37.490,0 days 01:14:01.817000,44,653.3769444444415,0 days 00:01:27.692000,10903.0,274.0,7,100.0,False,14,car,0.9757939298703587,OnTrack,-436.80978619231365,164.4500042627121,-158.99923297398394,5249.842181840684
2024-03-01 17:00:37.695,0 days 01:14:02.022000,44,647.3977721777749,0 days 00:01:27.897000,11067.0001536,274.0,7,100.0,False,14,pos,0.9786908181972492,OnTrack,-430.0,296.0,-159.0,5265.444959618463
2024-03-01 17:00:37.730,0 days 01:14:02.057000,44,646.3769444444415,0 days 00:01:27.932000,11095.0,274.0,7,100.0,False,12,car,0.9791899683831709,OnTrack,-428.6474793581285,321.30332147414686,-159.00004823234627,5268.1088485073515
2024-03-01 17:00:37.890,0 days 01:14:02.217000,44,641.3547222222196,0 days 00:01:28.092000,11092.0,279.0,7,100.0,False,12,car,0.9814953083955176,OnTrack,-421.9993362288017,445.42842509618106,-159.000008256291,5280.508848507351
2024-03-01 17:00:37.915,0 days 01:14:02.242000,44,640.5352714844419,0 days 00:01:28.117000,11103.00008448,279.37500288,7,100.0,False,12,pos,0.9818576822167802,OnTrack,-421.0,465.0,-159.0,5282.448952694018
2024-03-01 17:00:38.090,0 days 01:14:02.417000,44,634.799166666664,0 days 00:01:28.292000,11180.0,282.0,7,100.0,False,12,car,0.9844079691638052,OnTrack,-414.25017590903747,601.2968532094767,-158.99999971930035,5296.157286027351
2024-03-01 17:00:38.096,0 days 01:14:02.423000,44,634.5908288888861,0 days 00:01:28.298000,11182.421480228571,282.08571611428573,7,100.0,False,12,pos,0.9844958968313177,OnTrack,-414.0,606.0,-159.0,5296.627428887541
2024-03-01 17:00:38.255,0 days 01:14:02.582000,44,629.0699933333303,0 days 00:01:28.457000,11246.5893632,284.3571456,7,100.0,False,12,pos,0.9868380895705314,OnTrack,-407.0,732.0,-159.0,5309.18653615154
2024-03-01 17:00:38.370,0 days 01:14:02.697000,44,625.0769444444413,0 days 00:01:28.572000,11293.0,286.0,7,100.0,False,12,car,0.9885435343114022,OnTrack,-402.64636611831446,824.4475644802538,-158.99999990280327,5318.322647262652
2024-03-01 17:00:38.416,0 days 01:14:02.743000,44,623.3647174577746,0 days 00:01:28.618000,11316.11506432,286.46000128,7,100.0,False,12,pos,0.9892278484213264,OnTrack,-401.0,860.0,-159.0,5321.9829695012295
2024-03-01 17:00:38.755,0 days 01:14:03.082000,44,610.7463817422193,0 days 00:01:28.957000,11486.46259648,289.85000192,7,100.0,False,12,pos,0.9943078858796204,OnTrack,-388.0,1115.0,-159.0,5349.277178015363
2024-03-01 17:00:38.770,0 days 01:14:03.097000,44,610.1880555555526,0 days 00:01:28.972000,11494.0,290.0,7,100.0,False,12,car,0.9945341131965327,OnTrack,-387.27408974061643,1129.5640346901064,-158.99999999862052,5350.485511348696
2024-03-01 17:00:38.836,0 days 01:14:03.163000,44,610.1880555555526,0 days 00:01:29.038000,11515.26670791111,290.7333347555556,7,100.0,False,12,pos,0.995530967988429,OnTrack,-384.0,1196.0,-159.0,5355.815622485881
2024-03-01 17:00:38.977,0 days 01:14:03.304000,44,610.1880555555526,0 days 00:01:29.179000,11560.700020622222,292.3000007111111,7,100.0,False,12,interpolation,0.9976684686560244,OnTrack,-377.9720141466392,1321.8265934148533,-159.0000000032295,5367.2640391804
